[debug] [2026-10-09T15:49:21.479Z] ----------------------------------------------------------------------
[debug] [2026-10-09T15:49:21.483Z] Command:       C:\Program Files\nodejs\node.exe C:\Users\jmateus\AppData\Roaming\npm\node_modules\firebase-tools\lib\bin\firebase.js emulators:start
[debug] [2026-10-09T15:49:21.484Z] CLI Version:   15.33.0
[debug] [2026-10-09T15:49:21.484Z] Platform:      win32
[debug] [2026-10-09T15:49:21.484Z] Node Version:  v22.14.0
[debug] [2026-10-09T15:49:21.484Z] Detected Agent: unknown
[debug] [2026-10-09T15:49:21.484Z] Time:          Fri Oct 09 2026 10:49:21 GMT-0500 (hora estándar de Colombia)
[debug] [2026-10-09T15:49:21.485Z] ----------------------------------------------------------------------
[debug] 
[debug] [2026-10-09T15:49:22.845Z] > command requires scopes: ["email","openid","https://www.googleapis.com/auth/cloudplatformprojects.readonly","https://www.googleapis.com/auth/firebase","https://www.googleapis.com/auth/cloud-platform"]
[debug] [2026-10-09T15:49:23.224Z] Running auto auth
[debug] [2026-10-09T15:49:23.345Z] openjdk version "21.0.12.1" 2026-08-18 LTS

[debug] [2026-10-09T15:49:23.346Z] OpenJDK Runtime Environment Microsoft-14941484 (build 21.0.12.1+1-LTS)
OpenJDK 64-Bit Server VM Microsoft-14941484 (build 21.0.12.1+1-LTS, mixed mode, sharing)

[debug] [2026-10-09T15:49:23.357Z] Parsed Java major version: 21
[info] i  emulators: Starting emulators: auth, firestore {"metadata":{"emulator":{"name":"hub"},"message":"Starting emulators: auth, firestore"}}
[debug] [2026-10-09T15:49:23.370Z] [logging] Logging Emulator only supports listening on one address (127.0.0.1). Not listening on ::1
[debug] [2026-10-09T15:49:23.370Z] [auth] Authentication Emulator only supports listening on one address (127.0.0.1). Not listening on ::1
[debug] [2026-10-09T15:49:23.370Z] [firestore] Firestore Emulator only supports listening on one address (127.0.0.1). Not listening on ::1
[debug] [2026-10-09T15:49:23.370Z] [firestore.websocket] websocket server for firestore only supports listening on one address (127.0.0.1). Not listening on ::1
[debug] [2026-10-09T15:49:23.370Z] assigned listening specs for emulators {"user":{"hub":[{"address":"127.0.0.1","family":"IPv4","port":4400},{"address":"::1","family":"IPv6","port":4400}],"ui":[{"address":"127.0.0.1","family":"IPv4","port":4000},{"address":"::1","family":"IPv6","port":4000}],"logging":[{"address":"127.0.0.1","family":"IPv4","port":4500}],"auth":[{"address":"127.0.0.1","family":"IPv4","port":9099}],"firestore":[{"address":"127.0.0.1","family":"IPv4","port":8080}],"firestore.websocket":[{"address":"127.0.0.1","family":"IPv4","port":9150}]},"metadata":{"message":"assigned listening specs for emulators"}}
[debug] [2026-10-09T15:49:23.375Z] Write emulator hub locator at C:\Users\jmateus\AppData\Local\Temp\hub-emuclient.json
[warn] !  firestore: Cloud Firestore Emulator does not support multiple databases yet. {"metadata":{"emulator":{"name":"firestore"},"message":"Cloud Firestore Emulator does not support multiple databases yet."}}
[warn] !  firestore: Did not find a Cloud Firestore rules file specified in a firebase.json config file. {"metadata":{"emulator":{"name":"firestore"},"message":"Did not find a Cloud Firestore rules file specified in a firebase.json config file."}}
[warn] !  firestore: The emulator will default to allowing all reads and writes. Learn more about this option: https://firebase.google.com/docs/emulator-suite/install_and_configure#security_rules_configuration. {"metadata":{"emulator":{"name":"firestore"},"message":"The emulator will default to allowing all reads and writes. Learn more about this option: https://firebase.google.com/docs/emulator-suite/install_and_configure#security_rules_configuration."}}
[debug] [2026-10-09T15:49:23.389Z] Ignoring unsupported arg: auto_download {"metadata":{"emulator":{"name":"firestore"},"message":"Ignoring unsupported arg: auto_download"}}
[debug] [2026-10-09T15:49:23.389Z] Ignoring unsupported arg: single_project_mode_error {"metadata":{"emulator":{"name":"firestore"},"message":"Ignoring unsupported arg: single_project_mode_error"}}
[debug] [2026-10-09T15:49:23.390Z] Starting Firestore Emulator with command {"binary":"java","args":["-Dgoogle.cloud_firestore.debug_log_level=FINE","-Duser.language=en","-jar","C:\\Users\\jmateus\\.cache\\firebase\\emulators\\cloud-firestore-emulator-v1.22.0.jar","--host","127.0.0.1","--port",8080,"--websocket_port",9150,"--database-edition","standard","--project_id","emuclient","--single_project_mode",true],"optionalArgs":["port","webchannel_port","host","rules","websocket_port","database-edition","functions_emulator","seed_from_export","project_id","single_project_mode"],"joinArgs":false,"shell":false,"port":8080} {"metadata":{"emulator":{"name":"firestore"},"message":"Starting Firestore Emulator with command {\"binary\":\"java\",\"args\":[\"-Dgoogle.cloud_firestore.debug_log_level=FINE\",\"-Duser.language=en\",\"-jar\",\"C:\\\\Users\\\\jmateus\\\\.cache\\\\firebase\\\\emulators\\\\cloud-firestore-emulator-v1.22.0.jar\",\"--host\",\"127.0.0.1\",\"--port\",8080,\"--websocket_port\",9150,\"--database-edition\",\"standard\",\"--project_id\",\"emuclient\",\"--single_project_mode\",true],\"optionalArgs\":[\"port\",\"webchannel_port\",\"host\",\"rules\",\"websocket_port\",\"database-edition\",\"functions_emulator\",\"seed_from_export\",\"project_id\",\"single_project_mode\"],\"joinArgs\":false,\"shell\":false,\"port\":8080}"}}
[info] i  firestore: Firestore Emulator logging to firestore-debug.log {"metadata":{"emulator":{"name":"firestore"},"message":"Firestore Emulator logging to \u001b[1mfirestore-debug.log\u001b[22m"}}
[debug] [2026-10-09T15:49:26.218Z] Oct 09, 2026 10:49:26 AM com.google.cloud.datastore.emulator.firestore.websocket.WebSocketServer start
INFO: Started WebSocket server on ws://127.0.0.1:9150
 {"metadata":{"emulator":{"name":"firestore"},"message":"Oct 09, 2026 10:49:26 AM com.google.cloud.datastore.emulator.firestore.websocket.WebSocketServer start\r\nINFO: Started WebSocket server on ws://127.0.0.1:9150\r\n"}}
[debug] [2026-10-09T15:49:26.295Z] 
API endpoint: http://127.0.0.1:8080 {"metadata":{"emulator":{"name":"firestore"},"message":"\nAPI endpoint: http://127.0.0.1:8080"}}
[debug] [2026-10-09T15:49:26.295Z] 
Database Edition: STANDARD
Database Mode: CLOUD_FIRESTORE

If you are using a library that supports the FIRESTORE_EMULATOR_HOST environment variable, run:

   export FIRESTORE_EMULATOR_HOST=127.0.0.1:8080

If you are running a Firestore in Datastore Mode project, run:

   export DATASTORE_EMULATOR_HOST=127.0.0.1:8080

Note: Support for Datastore Mode is in preview. If you encounter any bugs please file at https://github.com/firebase/firebase-tools/issues.
Dev App Server is now running.

 {"metadata":{"emulator":{"name":"firestore"},"message":"\nDatabase Edition: STANDARD\nDatabase Mode: CLOUD_FIRESTORE\n\nIf you are using a library that supports the FIRESTORE_EMULATOR_HOST environment variable, run:\r\n\n   export FIRESTORE_EMULATOR_HOST=127.0.0.1:8080\n\nIf you are running a Firestore in Datastore Mode project, run:\r\n\n   export DATASTORE_EMULATOR_HOST=127.0.0.1:8080\n\nNote: Support for Datastore Mode is in preview. If you encounter any bugs please file at https://github.com/firebase/firebase-tools/issues.\r\nDev App Server is now running.\n\r\n"}}
[info] +  firestore: Firestore Emulator was started in standard edition. {"metadata":{"emulator":{"name":"firestore"},"message":"Firestore Emulator was started in standard edition."}}
[info] +  firestore: Firestore Emulator UI websocket is running on 9150. {"metadata":{"emulator":{"name":"firestore"},"message":"Firestore Emulator UI websocket is running on 9150."}}
[debug] [2026-10-09T15:49:32.522Z] Could not find VSCode notification endpoint: TypeError: fetch failed. If you are not running the Firebase SQL Connect VSCode extension, this is expected and not an issue.
[info] 
┌─────────────────────────────────────────────────────────────┐
│ ✔  All emulators ready! It is now safe to connect your app. │
│ i  View Emulator UI at http://127.0.0.1:4000/               │
└─────────────────────────────────────────────────────────────┘

┌────────────────┬────────────────┬─────────────────────────────────┐
│ Emulator       │ Host:Port      │ View in Emulator UI             │
├────────────────┼────────────────┼─────────────────────────────────┤
│ Authentication │ 127.0.0.1:9099 │ http://127.0.0.1:4000/auth      │
├────────────────┼────────────────┼─────────────────────────────────┤
│ Firestore      │ 127.0.0.1:8080 │ http://127.0.0.1:4000/firestore │
└────────────────┴────────────────┴─────────────────────────────────┘
  Emulator Hub host: 127.0.0.1 port: 4400
  Other reserved ports: 4500, 9150

Issues? Report them at https://github.com/firebase/firebase-tools/issues and attach the *-debug.log files.
 
[debug] [2026-10-09T15:49:33.265Z] Oct 09, 2026 10:49:33 AM com.google.cloud.datastore.emulator.firestore.websocket.WebSocketChannelHandler initChannel
INFO: Connected to new websocket client
 {"metadata":{"emulator":{"name":"firestore"},"message":"Oct 09, 2026 10:49:33 AM com.google.cloud.datastore.emulator.firestore.websocket.WebSocketChannelHandler initChannel\r\nINFO: Connected to new websocket client\r\n"}}
[debug] [2026-10-09T15:49:33.279Z] Oct 09, 2026 10:49:33 AM io.gapi.emulators.netty.HttpVersionRoutingHandler channelRead
INFO: Detected non-HTTP/2 connection.
 {"metadata":{"emulator":{"name":"firestore"},"message":"Oct 09, 2026 10:49:33 AM io.gapi.emulators.netty.HttpVersionRoutingHandler channelRead\r\nINFO: Detected non-HTTP/2 connection.\r\n"}}
[debug] [2026-10-09T15:49:33.412Z] Oct 09, 2026 10:49:33 AM io.gapi.emulators.netty.HttpVersionRoutingHandler channelRead
INFO: Detected non-HTTP/2 connection.
 {"metadata":{"emulator":{"name":"firestore"},"message":"Oct 09, 2026 10:49:33 AM io.gapi.emulators.netty.HttpVersionRoutingHandler channelRead\r\nINFO: Detected non-HTTP/2 connection.\r\n"}}
[debug] [2026-10-09T15:49:34.990Z] Oct 09, 2026 10:49:34 AM io.gapi.emulators.netty.HttpVersionRoutingHandler channelRead
INFO: Detected non-HTTP/2 connection.
 {"metadata":{"emulator":{"name":"firestore"},"message":"Oct 09, 2026 10:49:34 AM io.gapi.emulators.netty.HttpVersionRoutingHandler channelRead\r\nINFO: Detected non-HTTP/2 connection.\r\n"}}
[debug] [2026-10-09T15:49:52.196Z] Oct 09, 2026 10:49:52 AM io.gapi.emulators.netty.HttpVersionRoutingHandler channelRead
INFO: Detected non-HTTP/2 connection.
 {"metadata":{"emulator":{"name":"firestore"},"message":"Oct 09, 2026 10:49:52 AM io.gapi.emulators.netty.HttpVersionRoutingHandler channelRead\r\nINFO: Detected non-HTTP/2 connection.\r\n"}}
[debug] [2026-10-09T15:49:52.377Z] Oct 09, 2026 10:49:52 AM io.gapi.emulators.netty.HttpVersionRoutingHandler channelRead
INFO: Detected HTTP/2 connection.
 {"metadata":{"emulator":{"name":"firestore"},"message":"Oct 09, 2026 10:49:52 AM io.gapi.emulators.netty.HttpVersionRoutingHandler channelRead\r\nINFO: Detected HTTP/2 connection.\r\n"}}
[debug] [2026-10-09T15:49:52.574Z] Oct 09, 2026 10:49:52 AM io.gapi.emulators.netty.HttpVersionRoutingHandler channelRead
INFO: Detected non-HTTP/2 connection.
 {"metadata":{"emulator":{"name":"firestore"},"message":"Oct 09, 2026 10:49:52 AM io.gapi.emulators.netty.HttpVersionRoutingHandler channelRead\r\nINFO: Detected non-HTTP/2 connection.\r\n"}}
[debug] [2026-10-09T15:50:12.271Z] Oct 09, 2026 10:50:12 AM io.gapi.emulators.netty.HttpVersionRoutingHandler channelRead
INFO: Detected non-HTTP/2 connection.
 {"metadata":{"emulator":{"name":"firestore"},"message":"Oct 09, 2026 10:50:12 AM io.gapi.emulators.netty.HttpVersionRoutingHandler channelRead\r\nINFO: Detected non-HTTP/2 connection.\r\n"}}
[debug] [2026-10-09T15:50:22.715Z] Oct 09, 2026 10:50:22 AM io.gapi.emulators.netty.HttpVersionRoutingHandler channelRead
INFO: Detected non-HTTP/2 connection.
 {"metadata":{"emulator":{"name":"firestore"},"message":"Oct 09, 2026 10:50:22 AM io.gapi.emulators.netty.HttpVersionRoutingHandler channelRead\r\nINFO: Detected non-HTTP/2 connection.\r\n"}}
[debug] [2026-10-09T15:50:56.546Z] Oct 09, 2026 10:50:56 AM io.gapi.emulators.netty.HttpVersionRoutingHandler channelRead
INFO: Detected HTTP/2 connection.
 {"metadata":{"emulator":{"name":"firestore"},"message":"Oct 09, 2026 10:50:56 AM io.gapi.emulators.netty.HttpVersionRoutingHandler channelRead\r\nINFO: Detected HTTP/2 connection.\r\n"}}
[debug] [2026-10-09T15:50:56.604Z] Multiple projectIds are not recommended in single project mode. Requested project ID demo-sso, but the emulator is configured for emuclient. To opt-out of single project mode add/set the '"singleProjectMode": false' property in the firebase.json emulators config.
 {"metadata":{"emulator":{"name":"firestore"},"message":"Multiple projectIds are not recommended in single project mode. Requested project ID demo-sso, but the emulator is configured for emuclient. To opt-out of single project mode add/set the '\"singleProjectMode\": false' property in the firebase.json emulators config.\r\n"}}
[debug] [2026-10-09T15:50:56.630Z] Multiple projectIds are not recommended in single project mode. Requested project ID demo-sso, but the emulator is configured for emuclient. To opt-out of single project mode add/set the '"singleProjectMode": false' property in the firebase.json emulators config.
 {"metadata":{"emulator":{"name":"firestore"},"message":"Multiple projectIds are not recommended in single project mode. Requested project ID demo-sso, but the emulator is configured for emuclient. To opt-out of single project mode add/set the '\"singleProjectMode\": false' property in the firebase.json emulators config.\r\n"}}
[debug] [2026-10-09T15:50:56.801Z] Multiple projectIds are not recommended in single project mode. Requested project ID demo-sso, but the emulator is configured for emuclient. To opt-out of single project mode add/set the '"singleProjectMode": false' property in the firebase.json emulators config.
 {"metadata":{"emulator":{"name":"firestore"},"message":"Multiple projectIds are not recommended in single project mode. Requested project ID demo-sso, but the emulator is configured for emuclient. To opt-out of single project mode add/set the '\"singleProjectMode\": false' property in the firebase.json emulators config.\r\n"}}
[debug] [2026-10-09T15:50:56.802Z] Multiple projectIds are not recommended in single project mode. Requested project ID demo-sso, but the emulator is configured for emuclient. To opt-out of single project mode add/set the '"singleProjectMode": false' property in the firebase.json emulators config.
 {"metadata":{"emulator":{"name":"firestore"},"message":"Multiple projectIds are not recommended in single project mode. Requested project ID demo-sso, but the emulator is configured for emuclient. To opt-out of single project mode add/set the '\"singleProjectMode\": false' property in the firebase.json emulators config.\r\n"}}
[debug] [2026-10-09T15:50:56.937Z] Multiple projectIds are not recommended in single project mode. Requested project ID demo-sso, but the emulator is configured for emuclient. To opt-out of single project mode add/set the '"singleProjectMode": false' property in the firebase.json emulators config.
 {"metadata":{"emulator":{"name":"firestore"},"message":"Multiple projectIds are not recommended in single project mode. Requested project ID demo-sso, but the emulator is configured for emuclient. To opt-out of single project mode add/set the '\"singleProjectMode\": false' property in the firebase.json emulators config.\r\n"}}
[debug] [2026-10-09T15:50:56.938Z] Multiple projectIds are not recommended in single project mode. Requested project ID demo-sso, but the emulator is configured for emuclient. To opt-out of single project mode add/set the '"singleProjectMode": false' property in the firebase.json emulators config.
 {"metadata":{"emulator":{"name":"firestore"},"message":"Multiple projectIds are not recommended in single project mode. Requested project ID demo-sso, but the emulator is configured for emuclient. To opt-out of single project mode add/set the '\"singleProjectMode\": false' property in the firebase.json emulators config.\r\n"}}
[debug] [2026-10-09T15:50:56.964Z] Multiple projectIds are not recommended in single project mode. Requested project ID demo-sso, but the emulator is configured for emuclient. To opt-out of single project mode add/set the '"singleProjectMode": false' property in the firebase.json emulators config.
 {"metadata":{"emulator":{"name":"firestore"},"message":"Multiple projectIds are not recommended in single project mode. Requested project ID demo-sso, but the emulator is configured for emuclient. To opt-out of single project mode add/set the '\"singleProjectMode\": false' property in the firebase.json emulators config.\r\n"}}
[debug] [2026-10-09T15:50:56.966Z] Multiple projectIds are not recommended in single project mode. Requested project ID demo-sso, but the emulator is configured for emuclient. To opt-out of single project mode add/set the '"singleProjectMode": false' property in the firebase.json emulators config.
 {"metadata":{"emulator":{"name":"firestore"},"message":"Multiple projectIds are not recommended in single project mode. Requested project ID demo-sso, but the emulator is configured for emuclient. To opt-out of single project mode add/set the '\"singleProjectMode\": false' property in the firebase.json emulators config.\r\n"}}
[debug] [2026-10-09T15:51:22.763Z] Oct 09, 2026 10:51:22 AM io.gapi.emulators.netty.HttpVersionRoutingHandler channelRead
INFO: Detected non-HTTP/2 connection.
 {"metadata":{"emulator":{"name":"firestore"},"message":"Oct 09, 2026 10:51:22 AM io.gapi.emulators.netty.HttpVersionRoutingHandler channelRead\r\nINFO: Detected non-HTTP/2 connection.\r\n"}}
[warn] !  Multiple projectIds are not recommended in single project mode. Requested project ID demo-sso, but the emulator is configured for emuclient. To opt-out of single project mode add/set the '"singleProjectMode"' false' property in the firebase.json emulators config. {"metadata":{"emulator":{"name":"auth"},"message":"Multiple projectIds are not recommended in single project mode. Requested project ID demo-sso, but the emulator is configured for emuclient. To opt-out of single project mode add/set the '\"singleProjectMode\"' false' property in the firebase.json emulators config."}}
[warn] !  Multiple projectIds are not recommended in single project mode. Requested project ID demo-sso, but the emulator is configured for emuclient. To opt-out of single project mode add/set the '"singleProjectMode"' false' property in the firebase.json emulators config. {"metadata":{"emulator":{"name":"auth"},"message":"Multiple projectIds are not recommended in single project mode. Requested project ID demo-sso, but the emulator is configured for emuclient. To opt-out of single project mode add/set the '\"singleProjectMode\"' false' property in the firebase.json emulators config."}}
[warn] !  Multiple projectIds are not recommended in single project mode. Requested project ID demo-sso, but the emulator is configured for emuclient. To opt-out of single project mode add/set the '"singleProjectMode"' false' property in the firebase.json emulators config. {"metadata":{"emulator":{"name":"auth"},"message":"Multiple projectIds are not recommended in single project mode. Requested project ID demo-sso, but the emulator is configured for emuclient. To opt-out of single project mode add/set the '\"singleProjectMode\"' false' property in the firebase.json emulators config."}}
[debug] [2026-10-09T15:51:46.215Z] Oct 09, 2026 10:51:46 AM io.gapi.emulators.netty.HttpVersionRoutingHandler channelRead
INFO: Detected HTTP/2 connection.
 {"metadata":{"emulator":{"name":"firestore"},"message":"Oct 09, 2026 10:51:46 AM io.gapi.emulators.netty.HttpVersionRoutingHandler channelRead\r\nINFO: Detected HTTP/2 connection.\r\n"}}
[debug] [2026-10-09T15:51:46.229Z] Multiple projectIds are not recommended in single project mode. Requested project ID demo-sso, but the emulator is configured for emuclient. To opt-out of single project mode add/set the '"singleProjectMode": false' property in the firebase.json emulators config.
 {"metadata":{"emulator":{"name":"firestore"},"message":"Multiple projectIds are not recommended in single project mode. Requested project ID demo-sso, but the emulator is configured for emuclient. To opt-out of single project mode add/set the '\"singleProjectMode\": false' property in the firebase.json emulators config.\r\n"}}
[debug] [2026-10-09T15:51:46.229Z] Multiple projectIds are not recommended in single project mode. Requested project ID demo-sso, but the emulator is configured for emuclient. To opt-out of single project mode add/set the '"singleProjectMode": false' property in the firebase.json emulators config.
 {"metadata":{"emulator":{"name":"firestore"},"message":"Multiple projectIds are not recommended in single project mode. Requested project ID demo-sso, but the emulator is configured for emuclient. To opt-out of single project mode add/set the '\"singleProjectMode\": false' property in the firebase.json emulators config.\r\n"}}
[debug] [2026-10-09T15:51:46.306Z] Multiple projectIds are not recommended in single project mode. Requested project ID demo-sso, but the emulator is configured for emuclient. To opt-out of single project mode add/set the '"singleProjectMode": false' property in the firebase.json emulators config.
 {"metadata":{"emulator":{"name":"firestore"},"message":"Multiple projectIds are not recommended in single project mode. Requested project ID demo-sso, but the emulator is configured for emuclient. To opt-out of single project mode add/set the '\"singleProjectMode\": false' property in the firebase.json emulators config.\r\n"}}
[debug] [2026-10-09T15:51:46.307Z] Multiple projectIds are not recommended in single project mode. Requested project ID demo-sso, but the emulator is configured for emuclient. To opt-out of single project mode add/set the '"singleProjectMode": false' property in the firebase.json emulators config.
 {"metadata":{"emulator":{"name":"firestore"},"message":"Multiple projectIds are not recommended in single project mode. Requested project ID demo-sso, but the emulator is configured for emuclient. To opt-out of single project mode add/set the '\"singleProjectMode\": false' property in the firebase.json emulators config.\r\n"}}
[debug] [2026-10-09T15:52:22.818Z] Oct 09, 2026 10:52:22 AM io.gapi.emulators.netty.HttpVersionRoutingHandler channelRead
INFO: Detected non-HTTP/2 connection.
 {"metadata":{"emulator":{"name":"firestore"},"message":"Oct 09, 2026 10:52:22 AM io.gapi.emulators.netty.HttpVersionRoutingHandler channelRead\r\nINFO: Detected non-HTTP/2 connection.\r\n"}}
[debug] [2026-10-09T15:53:09.968Z] Multiple projectIds are not recommended in single project mode. Requested project ID demo-sso, but the emulator is configured for emuclient. To opt-out of single project mode add/set the '"singleProjectMode": false' property in the firebase.json emulators config.
 {"metadata":{"emulator":{"name":"firestore"},"message":"Multiple projectIds are not recommended in single project mode. Requested project ID demo-sso, but the emulator is configured for emuclient. To opt-out of single project mode add/set the '\"singleProjectMode\": false' property in the firebase.json emulators config.\r\n"}}
[debug] [2026-10-09T15:53:09.971Z] Multiple projectIds are not recommended in single project mode. Requested project ID demo-sso, but the emulator is configured for emuclient. To opt-out of single project mode add/set the '"singleProjectMode": false' property in the firebase.json emulators config.
 {"metadata":{"emulator":{"name":"firestore"},"message":"Multiple projectIds are not recommended in single project mode. Requested project ID demo-sso, but the emulator is configured for emuclient. To opt-out of single project mode add/set the '\"singleProjectMode\": false' property in the firebase.json emulators config.\r\n"}}
[debug] [2026-10-09T15:53:10.224Z] Multiple projectIds are not recommended in single project mode. Requested project ID demo-sso, but the emulator is configured for emuclient. To opt-out of single project mode add/set the '"singleProjectMode": false' property in the firebase.json emulators config.
 {"metadata":{"emulator":{"name":"firestore"},"message":"Multiple projectIds are not recommended in single project mode. Requested project ID demo-sso, but the emulator is configured for emuclient. To opt-out of single project mode add/set the '\"singleProjectMode\": false' property in the firebase.json emulators config.\r\n"}}
[debug] [2026-10-09T15:53:10.225Z] Multiple projectIds are not recommended in single project mode. Requested project ID demo-sso, but the emulator is configured for emuclient. To opt-out of single project mode add/set the '"singleProjectMode": false' property in the firebase.json emulators config.
 {"metadata":{"emulator":{"name":"firestore"},"message":"Multiple projectIds are not recommended in single project mode. Requested project ID demo-sso, but the emulator is configured for emuclient. To opt-out of single project mode add/set the '\"singleProjectMode\": false' property in the firebase.json emulators config.\r\n"}}
[debug] [2026-10-09T15:53:11.253Z] Multiple projectIds are not recommended in single project mode. Requested project ID demo-sso, but the emulator is configured for emuclient. To opt-out of single project mode add/set the '"singleProjectMode": false' property in the firebase.json emulators config.
 {"metadata":{"emulator":{"name":"firestore"},"message":"Multiple projectIds are not recommended in single project mode. Requested project ID demo-sso, but the emulator is configured for emuclient. To opt-out of single project mode add/set the '\"singleProjectMode\": false' property in the firebase.json emulators config.\r\n"}}
[debug] [2026-10-09T15:53:11.254Z] Multiple projectIds are not recommended in single project mode. Requested project ID demo-sso, but the emulator is configured for emuclient. To opt-out of single project mode add/set the '"singleProjectMode": false' property in the firebase.json emulators config.
 {"metadata":{"emulator":{"name":"firestore"},"message":"Multiple projectIds are not recommended in single project mode. Requested project ID demo-sso, but the emulator is configured for emuclient. To opt-out of single project mode add/set the '\"singleProjectMode\": false' property in the firebase.json emulators config.\r\n"}}
[debug] [2026-10-09T15:53:11.345Z] Multiple projectIds are not recommended in single project mode. Requested project ID demo-sso, but the emulator is configured for emuclient. To opt-out of single project mode add/set the '"singleProjectMode": false' property in the firebase.json emulators config.
 {"metadata":{"emulator":{"name":"firestore"},"message":"Multiple projectIds are not recommended in single project mode. Requested project ID demo-sso, but the emulator is configured for emuclient. To opt-out of single project mode add/set the '\"singleProjectMode\": false' property in the firebase.json emulators config.\r\n"}}
[debug] [2026-10-09T15:53:11.346Z] Multiple projectIds are not recommended in single project mode. Requested project ID demo-sso, but the emulator is configured for emuclient. To opt-out of single project mode add/set the '"singleProjectMode": false' property in the firebase.json emulators config.
 {"metadata":{"emulator":{"name":"firestore"},"message":"Multiple projectIds are not recommended in single project mode. Requested project ID demo-sso, but the emulator is configured for emuclient. To opt-out of single project mode add/set the '\"singleProjectMode\": false' property in the firebase.json emulators config.\r\n"}}
[debug] [2026-10-09T15:53:17.113Z] Multiple projectIds are not recommended in single project mode. Requested project ID demo-sso, but the emulator is configured for emuclient. To opt-out of single project mode add/set the '"singleProjectMode": false' property in the firebase.json emulators config.
 {"metadata":{"emulator":{"name":"firestore"},"message":"Multiple projectIds are not recommended in single project mode. Requested project ID demo-sso, but the emulator is configured for emuclient. To opt-out of single project mode add/set the '\"singleProjectMode\": false' property in the firebase.json emulators config.\r\n"}}
[debug] [2026-10-09T15:53:17.114Z] Multiple projectIds are not recommended in single project mode. Requested project ID demo-sso, but the emulator is configured for emuclient. To opt-out of single project mode add/set the '"singleProjectMode": false' property in the firebase.json emulators config.
 {"metadata":{"emulator":{"name":"firestore"},"message":"Multiple projectIds are not recommended in single project mode. Requested project ID demo-sso, but the emulator is configured for emuclient. To opt-out of single project mode add/set the '\"singleProjectMode\": false' property in the firebase.json emulators config.\r\n"}}
[debug] [2026-10-09T15:53:17.161Z] Multiple projectIds are not recommended in single project mode. Requested project ID demo-sso, but the emulator is configured for emuclient. To opt-out of single project mode add/set the '"singleProjectMode": false' property in the firebase.json emulators config.
 {"metadata":{"emulator":{"name":"firestore"},"message":"Multiple projectIds are not recommended in single project mode. Requested project ID demo-sso, but the emulator is configured for emuclient. To opt-out of single project mode add/set the '\"singleProjectMode\": false' property in the firebase.json emulators config.\r\n"}}
[debug] [2026-10-09T15:53:17.162Z] Multiple projectIds are not recommended in single project mode. Requested project ID demo-sso, but the emulator is configured for emuclient. To opt-out of single project mode add/set the '"singleProjectMode": false' property in the firebase.json emulators config.
 {"metadata":{"emulator":{"name":"firestore"},"message":"Multiple projectIds are not recommended in single project mode. Requested project ID demo-sso, but the emulator is configured for emuclient. To opt-out of single project mode add/set the '\"singleProjectMode\": false' property in the firebase.json emulators config.\r\n"}}
[debug] [2026-10-09T15:53:17.285Z] Multiple projectIds are not recommended in single project mode. Requested project ID demo-sso, but the emulator is configured for emuclient. To opt-out of single project mode add/set the '"singleProjectMode": false' property in the firebase.json emulators config.
 {"metadata":{"emulator":{"name":"firestore"},"message":"Multiple projectIds are not recommended in single project mode. Requested project ID demo-sso, but the emulator is configured for emuclient. To opt-out of single project mode add/set the '\"singleProjectMode\": false' property in the firebase.json emulators config.\r\n"}}
[debug] [2026-10-09T15:53:17.286Z] Multiple projectIds are not recommended in single project mode. Requested project ID demo-sso, but the emulator is configured for emuclient. To opt-out of single project mode add/set the '"singleProjectMode": false' property in the firebase.json emulators config.
 {"metadata":{"emulator":{"name":"firestore"},"message":"Multiple projectIds are not recommended in single project mode. Requested project ID demo-sso, but the emulator is configured for emuclient. To opt-out of single project mode add/set the '\"singleProjectMode\": false' property in the firebase.json emulators config.\r\n"}}
[debug] [2026-10-09T15:53:17.311Z] Multiple projectIds are not recommended in single project mode. Requested project ID demo-sso, but the emulator is configured for emuclient. To opt-out of single project mode add/set the '"singleProjectMode": false' property in the firebase.json emulators config.
 {"metadata":{"emulator":{"name":"firestore"},"message":"Multiple projectIds are not recommended in single project mode. Requested project ID demo-sso, but the emulator is configured for emuclient. To opt-out of single project mode add/set the '\"singleProjectMode\": false' property in the firebase.json emulators config.\r\n"}}
[debug] [2026-10-09T15:53:17.312Z] Multiple projectIds are not recommended in single project mode. Requested project ID demo-sso, but the emulator is configured for emuclient. To opt-out of single project mode add/set the '"singleProjectMode": false' property in the firebase.json emulators config.
 {"metadata":{"emulator":{"name":"firestore"},"message":"Multiple projectIds are not recommended in single project mode. Requested project ID demo-sso, but the emulator is configured for emuclient. To opt-out of single project mode add/set the '\"singleProjectMode\": false' property in the firebase.json emulators config.\r\n"}}
[debug] [2026-10-09T15:53:22.850Z] Oct 09, 2026 10:53:22 AM io.gapi.emulators.netty.HttpVersionRoutingHandler channelRead
INFO: Detected non-HTTP/2 connection.
 {"metadata":{"emulator":{"name":"firestore"},"message":"Oct 09, 2026 10:53:22 AM io.gapi.emulators.netty.HttpVersionRoutingHandler channelRead\r\nINFO: Detected non-HTTP/2 connection.\r\n"}}
[debug] [2026-10-09T15:53:45.545Z] Multiple projectIds are not recommended in single project mode. Requested project ID demo-sso, but the emulator is configured for emuclient. To opt-out of single project mode add/set the '"singleProjectMode": false' property in the firebase.json emulators config.
 {"metadata":{"emulator":{"name":"firestore"},"message":"Multiple projectIds are not recommended in single project mode. Requested project ID demo-sso, but the emulator is configured for emuclient. To opt-out of single project mode add/set the '\"singleProjectMode\": false' property in the firebase.json emulators config.\r\n"}}
[debug] [2026-10-09T15:53:45.547Z] Multiple projectIds are not recommended in single project mode. Requested project ID demo-sso, but the emulator is configured for emuclient. To opt-out of single project mode add/set the '"singleProjectMode": false' property in the firebase.json emulators config.
 {"metadata":{"emulator":{"name":"firestore"},"message":"Multiple projectIds are not recommended in single project mode. Requested project ID demo-sso, but the emulator is configured for emuclient. To opt-out of single project mode add/set the '\"singleProjectMode\": false' property in the firebase.json emulators config.\r\n"}}
[debug] [2026-10-09T15:53:45.593Z] Multiple projectIds are not recommended in single project mode. Requested project ID demo-sso, but the emulator is configured for emuclient. To opt-out of single project mode add/set the '"singleProjectMode": false' property in the firebase.json emulators config.
 {"metadata":{"emulator":{"name":"firestore"},"message":"Multiple projectIds are not recommended in single project mode. Requested project ID demo-sso, but the emulator is configured for emuclient. To opt-out of single project mode add/set the '\"singleProjectMode\": false' property in the firebase.json emulators config.\r\n"}}
[debug] [2026-10-09T15:53:45.594Z] Multiple projectIds are not recommended in single project mode. Requested project ID demo-sso, but the emulator is configured for emuclient. To opt-out of single project mode add/set the '"singleProjectMode": false' property in the firebase.json emulators config.
 {"metadata":{"emulator":{"name":"firestore"},"message":"Multiple projectIds are not recommended in single project mode. Requested project ID demo-sso, but the emulator is configured for emuclient. To opt-out of single project mode add/set the '\"singleProjectMode\": false' property in the firebase.json emulators config.\r\n"}}
[warn] !  Multiple projectIds are not recommended in single project mode. Requested project ID demo-sso, but the emulator is configured for emuclient. To opt-out of single project mode add/set the '"singleProjectMode"' false' property in the firebase.json emulators config. {"metadata":{"emulator":{"name":"auth"},"message":"Multiple projectIds are not recommended in single project mode. Requested project ID demo-sso, but the emulator is configured for emuclient. To opt-out of single project mode add/set the '\"singleProjectMode\"' false' property in the firebase.json emulators config."}}
[warn] !  Multiple projectIds are not recommended in single project mode. Requested project ID demo-sso, but the emulator is configured for emuclient. To opt-out of single project mode add/set the '"singleProjectMode"' false' property in the firebase.json emulators config. {"metadata":{"emulator":{"name":"auth"},"message":"Multiple projectIds are not recommended in single project mode. Requested project ID demo-sso, but the emulator is configured for emuclient. To opt-out of single project mode add/set the '\"singleProjectMode\"' false' property in the firebase.json emulators config."}}
[warn] !  Multiple projectIds are not recommended in single project mode. Requested project ID demo-sso, but the emulator is configured for emuclient. To opt-out of single project mode add/set the '"singleProjectMode"' false' property in the firebase.json emulators config. {"metadata":{"emulator":{"name":"auth"},"message":"Multiple projectIds are not recommended in single project mode. Requested project ID demo-sso, but the emulator is configured for emuclient. To opt-out of single project mode add/set the '\"singleProjectMode\"' false' property in the firebase.json emulators config."}}
[warn] !  Multiple projectIds are not recommended in single project mode. Requested project ID demo-sso, but the emulator is configured for emuclient. To opt-out of single project mode add/set the '"singleProjectMode"' false' property in the firebase.json emulators config. {"metadata":{"emulator":{"name":"auth"},"message":"Multiple projectIds are not recommended in single project mode. Requested project ID demo-sso, but the emulator is configured for emuclient. To opt-out of single project mode add/set the '\"singleProjectMode\"' false' property in the firebase.json emulators config."}}
[debug] [2026-10-09T15:53:45.734Z] Multiple projectIds are not recommended in single project mode. Requested project ID demo-sso, but the emulator is configured for emuclient. To opt-out of single project mode add/set the '"singleProjectMode": false' property in the firebase.json emulators config.
 {"metadata":{"emulator":{"name":"firestore"},"message":"Multiple projectIds are not recommended in single project mode. Requested project ID demo-sso, but the emulator is configured for emuclient. To opt-out of single project mode add/set the '\"singleProjectMode\": false' property in the firebase.json emulators config.\r\n"}}
[debug] [2026-10-09T15:53:45.735Z] Multiple projectIds are not recommended in single project mode. Requested project ID demo-sso, but the emulator is configured for emuclient. To opt-out of single project mode add/set the '"singleProjectMode": false' property in the firebase.json emulators config.
 {"metadata":{"emulator":{"name":"firestore"},"message":"Multiple projectIds are not recommended in single project mode. Requested project ID demo-sso, but the emulator is configured for emuclient. To opt-out of single project mode add/set the '\"singleProjectMode\": false' property in the firebase.json emulators config.\r\n"}}
[debug] [2026-10-09T15:53:45.792Z] Multiple projectIds are not recommended in single project mode. Requested project ID demo-sso, but the emulator is configured for emuclient. To opt-out of single project mode add/set the '"singleProjectMode": false' property in the firebase.json emulators config.
 {"metadata":{"emulator":{"name":"firestore"},"message":"Multiple projectIds are not recommended in single project mode. Requested project ID demo-sso, but the emulator is configured for emuclient. To opt-out of single project mode add/set the '\"singleProjectMode\": false' property in the firebase.json emulators config.\r\n"}}
[debug] [2026-10-09T15:53:45.793Z] Multiple projectIds are not recommended in single project mode. Requested project ID demo-sso, but the emulator is configured for emuclient. To opt-out of single project mode add/set the '"singleProjectMode": false' property in the firebase.json emulators config.
 {"metadata":{"emulator":{"name":"firestore"},"message":"Multiple projectIds are not recommended in single project mode. Requested project ID demo-sso, but the emulator is configured for emuclient. To opt-out of single project mode add/set the '\"singleProjectMode\": false' property in the firebase.json emulators config.\r\n"}}
[debug] [2026-10-09T15:53:45.853Z] Multiple projectIds are not recommended in single project mode. Requested project ID demo-sso, but the emulator is configured for emuclient. To opt-out of single project mode add/set the '"singleProjectMode": false' property in the firebase.json emulators config.
 {"metadata":{"emulator":{"name":"firestore"},"message":"Multiple projectIds are not recommended in single project mode. Requested project ID demo-sso, but the emulator is configured for emuclient. To opt-out of single project mode add/set the '\"singleProjectMode\": false' property in the firebase.json emulators config.\r\n"}}
[debug] [2026-10-09T15:53:45.855Z] Multiple projectIds are not recommended in single project mode. Requested project ID demo-sso, but the emulator is configured for emuclient. To opt-out of single project mode add/set the '"singleProjectMode": false' property in the firebase.json emulators config.
 {"metadata":{"emulator":{"name":"firestore"},"message":"Multiple projectIds are not recommended in single project mode. Requested project ID demo-sso, but the emulator is configured for emuclient. To opt-out of single project mode add/set the '\"singleProjectMode\": false' property in the firebase.json emulators config.\r\n"}}
[debug] [2026-10-09T15:54:22.900Z] Oct 09, 2026 10:54:22 AM io.gapi.emulators.netty.HttpVersionRoutingHandler channelRead
INFO: Detected non-HTTP/2 connection.
 {"metadata":{"emulator":{"name":"firestore"},"message":"Oct 09, 2026 10:54:22 AM io.gapi.emulators.netty.HttpVersionRoutingHandler channelRead\r\nINFO: Detected non-HTTP/2 connection.\r\n"}}
[debug] [2026-10-09T15:54:49.657Z] Multiple projectIds are not recommended in single project mode. Requested project ID demo-sso, but the emulator is configured for emuclient. To opt-out of single project mode add/set the '"singleProjectMode": false' property in the firebase.json emulators config.
 {"metadata":{"emulator":{"name":"firestore"},"message":"Multiple projectIds are not recommended in single project mode. Requested project ID demo-sso, but the emulator is configured for emuclient. To opt-out of single project mode add/set the '\"singleProjectMode\": false' property in the firebase.json emulators config.\r\n"}}
[debug] [2026-10-09T15:54:49.659Z] Multiple projectIds are not recommended in single project mode. Requested project ID demo-sso, but the emulator is configured for emuclient. To opt-out of single project mode add/set the '"singleProjectMode": false' property in the firebase.json emulators config.
 {"metadata":{"emulator":{"name":"firestore"},"message":"Multiple projectIds are not recommended in single project mode. Requested project ID demo-sso, but the emulator is configured for emuclient. To opt-out of single project mode add/set the '\"singleProjectMode\": false' property in the firebase.json emulators config.\r\n"}}
[debug] [2026-10-09T15:54:49.707Z] Multiple projectIds are not recommended in single project mode. Requested project ID demo-sso, but the emulator is configured for emuclient. To opt-out of single project mode add/set the '"singleProjectMode": false' property in the firebase.json emulators config.
 {"metadata":{"emulator":{"name":"firestore"},"message":"Multiple projectIds are not recommended in single project mode. Requested project ID demo-sso, but the emulator is configured for emuclient. To opt-out of single project mode add/set the '\"singleProjectMode\": false' property in the firebase.json emulators config.\r\n"}}
[debug] [2026-10-09T15:54:49.708Z] Multiple projectIds are not recommended in single project mode. Requested project ID demo-sso, but the emulator is configured for emuclient. To opt-out of single project mode add/set the '"singleProjectMode": false' property in the firebase.json emulators config.
 {"metadata":{"emulator":{"name":"firestore"},"message":"Multiple projectIds are not recommended in single project mode. Requested project ID demo-sso, but the emulator is configured for emuclient. To opt-out of single project mode add/set the '\"singleProjectMode\": false' property in the firebase.json emulators config.\r\n"}}
[warn] !  Multiple projectIds are not recommended in single project mode. Requested project ID demo-sso, but the emulator is configured for emuclient. To opt-out of single project mode add/set the '"singleProjectMode"' false' property in the firebase.json emulators config. {"metadata":{"emulator":{"name":"auth"},"message":"Multiple projectIds are not recommended in single project mode. Requested project ID demo-sso, but the emulator is configured for emuclient. To opt-out of single project mode add/set the '\"singleProjectMode\"' false' property in the firebase.json emulators config."}}
[warn] !  Multiple projectIds are not recommended in single project mode. Requested project ID demo-sso, but the emulator is configured for emuclient. To opt-out of single project mode add/set the '"singleProjectMode"' false' property in the firebase.json emulators config. {"metadata":{"emulator":{"name":"auth"},"message":"Multiple projectIds are not recommended in single project mode. Requested project ID demo-sso, but the emulator is configured for emuclient. To opt-out of single project mode add/set the '\"singleProjectMode\"' false' property in the firebase.json emulators config."}}
[warn] !  Multiple projectIds are not recommended in single project mode. Requested project ID demo-sso, but the emulator is configured for emuclient. To opt-out of single project mode add/set the '"singleProjectMode"' false' property in the firebase.json emulators config. {"metadata":{"emulator":{"name":"auth"},"message":"Multiple projectIds are not recommended in single project mode. Requested project ID demo-sso, but the emulator is configured for emuclient. To opt-out of single project mode add/set the '\"singleProjectMode\"' false' property in the firebase.json emulators config."}}
[debug] [2026-10-09T15:54:49.798Z] Multiple projectIds are not recommended in single project mode. Requested project ID demo-sso, but the emulator is configured for emuclient. To opt-out of single project mode add/set the '"singleProjectMode": false' property in the firebase.json emulators config.
 {"metadata":{"emulator":{"name":"firestore"},"message":"Multiple projectIds are not recommended in single project mode. Requested project ID demo-sso, but the emulator is configured for emuclient. To opt-out of single project mode add/set the '\"singleProjectMode\": false' property in the firebase.json emulators config.\r\n"}}
[debug] [2026-10-09T15:54:49.805Z] Multiple projectIds are not recommended in single project mode. Requested project ID demo-sso, but the emulator is configured for emuclient. To opt-out of single project mode add/set the '"singleProjectMode": false' property in the firebase.json emulators config.
 {"metadata":{"emulator":{"name":"firestore"},"message":"Multiple projectIds are not recommended in single project mode. Requested project ID demo-sso, but the emulator is configured for emuclient. To opt-out of single project mode add/set the '\"singleProjectMode\": false' property in the firebase.json emulators config.\r\n"}}
[debug] [2026-10-09T15:54:49.843Z] Multiple projectIds are not recommended in single project mode. Requested project ID demo-sso, but the emulator is configured for emuclient. To opt-out of single project mode add/set the '"singleProjectMode": false' property in the firebase.json emulators config.
 {"metadata":{"emulator":{"name":"firestore"},"message":"Multiple projectIds are not recommended in single project mode. Requested project ID demo-sso, but the emulator is configured for emuclient. To opt-out of single project mode add/set the '\"singleProjectMode\": false' property in the firebase.json emulators config.\r\n"}}
[debug] [2026-10-09T15:54:49.844Z] Multiple projectIds are not recommended in single project mode. Requested project ID demo-sso, but the emulator is configured for emuclient. To opt-out of single project mode add/set the '"singleProjectMode": false' property in the firebase.json emulators config.
 {"metadata":{"emulator":{"name":"firestore"},"message":"Multiple projectIds are not recommended in single project mode. Requested project ID demo-sso, but the emulator is configured for emuclient. To opt-out of single project mode add/set the '\"singleProjectMode\": false' property in the firebase.json emulators config.\r\n"}}
[debug] [2026-10-09T15:54:49.905Z] Multiple projectIds are not recommended in single project mode. Requested project ID demo-sso, but the emulator is configured for emuclient. To opt-out of single project mode add/set the '"singleProjectMode": false' property in the firebase.json emulators config.
 {"metadata":{"emulator":{"name":"firestore"},"message":"Multiple projectIds are not recommended in single project mode. Requested project ID demo-sso, but the emulator is configured for emuclient. To opt-out of single project mode add/set the '\"singleProjectMode\": false' property in the firebase.json emulators config.\r\n"}}
[debug] [2026-10-09T15:54:49.906Z] Multiple projectIds are not recommended in single project mode. Requested project ID demo-sso, but the emulator is configured for emuclient. To opt-out of single project mode add/set the '"singleProjectMode": false' property in the firebase.json emulators config.
 {"metadata":{"emulator":{"name":"firestore"},"message":"Multiple projectIds are not recommended in single project mode. Requested project ID demo-sso, but the emulator is configured for emuclient. To opt-out of single project mode add/set the '\"singleProjectMode\": false' property in the firebase.json emulators config.\r\n"}}
[debug] [2026-10-09T15:55:22.950Z] Oct 09, 2026 10:55:22 AM io.gapi.emulators.netty.HttpVersionRoutingHandler channelRead
INFO: Detected non-HTTP/2 connection.
 {"metadata":{"emulator":{"name":"firestore"},"message":"Oct 09, 2026 10:55:22 AM io.gapi.emulators.netty.HttpVersionRoutingHandler channelRead\r\nINFO: Detected non-HTTP/2 connection.\r\n"}}
[warn] !  Multiple projectIds are not recommended in single project mode. Requested project ID demo-sso, but the emulator is configured for emuclient. To opt-out of single project mode add/set the '"singleProjectMode"' false' property in the firebase.json emulators config. {"metadata":{"emulator":{"name":"auth"},"message":"Multiple projectIds are not recommended in single project mode. Requested project ID demo-sso, but the emulator is configured for emuclient. To opt-out of single project mode add/set the '\"singleProjectMode\"' false' property in the firebase.json emulators config."}}
[warn] !  Multiple projectIds are not recommended in single project mode. Requested project ID demo-sso, but the emulator is configured for emuclient. To opt-out of single project mode add/set the '"singleProjectMode"' false' property in the firebase.json emulators config. {"metadata":{"emulator":{"name":"auth"},"message":"Multiple projectIds are not recommended in single project mode. Requested project ID demo-sso, but the emulator is configured for emuclient. To opt-out of single project mode add/set the '\"singleProjectMode\"' false' property in the firebase.json emulators config."}}
[warn] !  Multiple projectIds are not recommended in single project mode. Requested project ID demo-sso, but the emulator is configured for emuclient. To opt-out of single project mode add/set the '"singleProjectMode"' false' property in the firebase.json emulators config. {"metadata":{"emulator":{"name":"auth"},"message":"Multiple projectIds are not recommended in single project mode. Requested project ID demo-sso, but the emulator is configured for emuclient. To opt-out of single project mode add/set the '\"singleProjectMode\"' false' property in the firebase.json emulators config."}}
[debug] [2026-10-09T15:56:22.982Z] Oct 09, 2026 10:56:22 AM io.gapi.emulators.netty.HttpVersionRoutingHandler channelRead
INFO: Detected non-HTTP/2 connection.
 {"metadata":{"emulator":{"name":"firestore"},"message":"Oct 09, 2026 10:56:22 AM io.gapi.emulators.netty.HttpVersionRoutingHandler channelRead\r\nINFO: Detected non-HTTP/2 connection.\r\n"}}
[warn] !  Multiple projectIds are not recommended in single project mode. Requested project ID demo-sso, but the emulator is configured for emuclient. To opt-out of single project mode add/set the '"singleProjectMode"' false' property in the firebase.json emulators config. {"metadata":{"emulator":{"name":"auth"},"message":"Multiple projectIds are not recommended in single project mode. Requested project ID demo-sso, but the emulator is configured for emuclient. To opt-out of single project mode add/set the '\"singleProjectMode\"' false' property in the firebase.json emulators config."}}
[warn] !  Multiple projectIds are not recommended in single project mode. Requested project ID demo-sso, but the emulator is configured for emuclient. To opt-out of single project mode add/set the '"singleProjectMode"' false' property in the firebase.json emulators config. {"metadata":{"emulator":{"name":"auth"},"message":"Multiple projectIds are not recommended in single project mode. Requested project ID demo-sso, but the emulator is configured for emuclient. To opt-out of single project mode add/set the '\"singleProjectMode\"' false' property in the firebase.json emulators config."}}
[warn] !  Multiple projectIds are not recommended in single project mode. Requested project ID demo-sso, but the emulator is configured for emuclient. To opt-out of single project mode add/set the '"singleProjectMode"' false' property in the firebase.json emulators config. {"metadata":{"emulator":{"name":"auth"},"message":"Multiple projectIds are not recommended in single project mode. Requested project ID demo-sso, but the emulator is configured for emuclient. To opt-out of single project mode add/set the '\"singleProjectMode\"' false' property in the firebase.json emulators config."}}
[warn] !  Multiple projectIds are not recommended in single project mode. Requested project ID demo-sso, but the emulator is configured for emuclient. To opt-out of single project mode add/set the '"singleProjectMode"' false' property in the firebase.json emulators config. {"metadata":{"emulator":{"name":"auth"},"message":"Multiple projectIds are not recommended in single project mode. Requested project ID demo-sso, but the emulator is configured for emuclient. To opt-out of single project mode add/set the '\"singleProjectMode\"' false' property in the firebase.json emulators config."}}
[warn] !  Multiple projectIds are not recommended in single project mode. Requested project ID demo-sso, but the emulator is configured for emuclient. To opt-out of single project mode add/set the '"singleProjectMode"' false' property in the firebase.json emulators config. {"metadata":{"emulator":{"name":"auth"},"message":"Multiple projectIds are not recommended in single project mode. Requested project ID demo-sso, but the emulator is configured for emuclient. To opt-out of single project mode add/set the '\"singleProjectMode\"' false' property in the firebase.json emulators config."}}
[warn] !  Multiple projectIds are not recommended in single project mode. Requested project ID demo-sso, but the emulator is configured for emuclient. To opt-out of single project mode add/set the '"singleProjectMode"' false' property in the firebase.json emulators config. {"metadata":{"emulator":{"name":"auth"},"message":"Multiple projectIds are not recommended in single project mode. Requested project ID demo-sso, but the emulator is configured for emuclient. To opt-out of single project mode add/set the '\"singleProjectMode\"' false' property in the firebase.json emulators config."}}
[debug] [2026-10-09T15:57:23.012Z] Oct 09, 2026 10:57:23 AM io.gapi.emulators.netty.HttpVersionRoutingHandler channelRead
INFO: Detected non-HTTP/2 connection.
 {"metadata":{"emulator":{"name":"firestore"},"message":"Oct 09, 2026 10:57:23 AM io.gapi.emulators.netty.HttpVersionRoutingHandler channelRead\r\nINFO: Detected non-HTTP/2 connection.\r\n"}}
[warn] !  Multiple projectIds are not recommended in single project mode. Requested project ID demo-sso, but the emulator is configured for emuclient. To opt-out of single project mode add/set the '"singleProjectMode"' false' property in the firebase.json emulators config. {"metadata":{"emulator":{"name":"auth"},"message":"Multiple projectIds are not recommended in single project mode. Requested project ID demo-sso, but the emulator is configured for emuclient. To opt-out of single project mode add/set the '\"singleProjectMode\"' false' property in the firebase.json emulators config."}}
[warn] !  Multiple projectIds are not recommended in single project mode. Requested project ID demo-sso, but the emulator is configured for emuclient. To opt-out of single project mode add/set the '"singleProjectMode"' false' property in the firebase.json emulators config. {"metadata":{"emulator":{"name":"auth"},"message":"Multiple projectIds are not recommended in single project mode. Requested project ID demo-sso, but the emulator is configured for emuclient. To opt-out of single project mode add/set the '\"singleProjectMode\"' false' property in the firebase.json emulators config."}}
[warn] !  Multiple projectIds are not recommended in single project mode. Requested project ID demo-sso, but the emulator is configured for emuclient. To opt-out of single project mode add/set the '"singleProjectMode"' false' property in the firebase.json emulators config. {"metadata":{"emulator":{"name":"auth"},"message":"Multiple projectIds are not recommended in single project mode. Requested project ID demo-sso, but the emulator is configured for emuclient. To opt-out of single project mode add/set the '\"singleProjectMode\"' false' property in the firebase.json emulators config."}}
[warn] !  Multiple projectIds are not recommended in single project mode. Requested project ID demo-sso, but the emulator is configured for emuclient. To opt-out of single project mode add/set the '"singleProjectMode"' false' property in the firebase.json emulators config. {"metadata":{"emulator":{"name":"auth"},"message":"Multiple projectIds are not recommended in single project mode. Requested project ID demo-sso, but the emulator is configured for emuclient. To opt-out of single project mode add/set the '\"singleProjectMode\"' false' property in the firebase.json emulators config."}}
[warn] !  Multiple projectIds are not recommended in single project mode. Requested project ID demo-sso, but the emulator is configured for emuclient. To opt-out of single project mode add/set the '"singleProjectMode"' false' property in the firebase.json emulators config. {"metadata":{"emulator":{"name":"auth"},"message":"Multiple projectIds are not recommended in single project mode. Requested project ID demo-sso, but the emulator is configured for emuclient. To opt-out of single project mode add/set the '\"singleProjectMode\"' false' property in the firebase.json emulators config."}}
[debug] [2026-10-09T15:58:23.050Z] Oct 09, 2026 10:58:23 AM io.gapi.emulators.netty.HttpVersionRoutingHandler channelRead
INFO: Detected non-HTTP/2 connection.
 {"metadata":{"emulator":{"name":"firestore"},"message":"Oct 09, 2026 10:58:23 AM io.gapi.emulators.netty.HttpVersionRoutingHandler channelRead\r\nINFO: Detected non-HTTP/2 connection.\r\n"}}
[warn] !  Multiple projectIds are not recommended in single project mode. Requested project ID demo-sso, but the emulator is configured for emuclient. To opt-out of single project mode add/set the '"singleProjectMode"' false' property in the firebase.json emulators config. {"metadata":{"emulator":{"name":"auth"},"message":"Multiple projectIds are not recommended in single project mode. Requested project ID demo-sso, but the emulator is configured for emuclient. To opt-out of single project mode add/set the '\"singleProjectMode\"' false' property in the firebase.json emulators config."}}
[warn] !  Multiple projectIds are not recommended in single project mode. Requested project ID demo-sso, but the emulator is configured for emuclient. To opt-out of single project mode add/set the '"singleProjectMode"' false' property in the firebase.json emulators config. {"metadata":{"emulator":{"name":"auth"},"message":"Multiple projectIds are not recommended in single project mode. Requested project ID demo-sso, but the emulator is configured for emuclient. To opt-out of single project mode add/set the '\"singleProjectMode\"' false' property in the firebase.json emulators config."}}
[debug] [2026-10-09T15:59:23.085Z] Oct 09, 2026 10:59:23 AM io.gapi.emulators.netty.HttpVersionRoutingHandler channelRead
INFO: Detected non-HTTP/2 connection.
 {"metadata":{"emulator":{"name":"firestore"},"message":"Oct 09, 2026 10:59:23 AM io.gapi.emulators.netty.HttpVersionRoutingHandler channelRead\r\nINFO: Detected non-HTTP/2 connection.\r\n"}}
[info] i  To reset the password for jeimy.mateus@glocation.com.co, follow this link: http://127.0.0.1:9099/emulator/action?mode=resetPassword&lang=en&oobCode=8dgYAJLd09ZaD--Z_w4iZCk2iJ5gECVYYx5o_lm0NNDWHPwDudKsU2&apiKey=fake-api-key&newPassword=NEW_PASSWORD_HERE {"metadata":{"emulator":{"name":"auth"},"message":"To reset the password for jeimy.mateus@glocation.com.co, follow this link: http://127.0.0.1:9099/emulator/action?mode=resetPassword&lang=en&oobCode=8dgYAJLd09ZaD--Z_w4iZCk2iJ5gECVYYx5o_lm0NNDWHPwDudKsU2&apiKey=fake-api-key&newPassword=NEW_PASSWORD_HERE"}}
[warn] !  Multiple projectIds are not recommended in single project mode. Requested project ID demo-sso, but the emulator is configured for emuclient. To opt-out of single project mode add/set the '"singleProjectMode"' false' property in the firebase.json emulators config. {"metadata":{"emulator":{"name":"auth"},"message":"Multiple projectIds are not recommended in single project mode. Requested project ID demo-sso, but the emulator is configured for emuclient. To opt-out of single project mode add/set the '\"singleProjectMode\"' false' property in the firebase.json emulators config."}}
[warn] !  Multiple projectIds are not recommended in single project mode. Requested project ID demo-sso, but the emulator is configured for emuclient. To opt-out of single project mode add/set the '"singleProjectMode"' false' property in the firebase.json emulators config. {"metadata":{"emulator":{"name":"auth"},"message":"Multiple projectIds are not recommended in single project mode. Requested project ID demo-sso, but the emulator is configured for emuclient. To opt-out of single project mode add/set the '\"singleProjectMode\"' false' property in the firebase.json emulators config."}}
[warn] !  Multiple projectIds are not recommended in single project mode. Requested project ID demo-sso, but the emulator is configured for emuclient. To opt-out of single project mode add/set the '"singleProjectMode"' false' property in the firebase.json emulators config. {"metadata":{"emulator":{"name":"auth"},"message":"Multiple projectIds are not recommended in single project mode. Requested project ID demo-sso, but the emulator is configured for emuclient. To opt-out of single project mode add/set the '\"singleProjectMode\"' false' property in the firebase.json emulators config."}}
[debug] [2026-10-09T16:00:23.124Z] Oct 09, 2026 11:00:23 AM io.gapi.emulators.netty.HttpVersionRoutingHandler channelRead
INFO: Detected non-HTTP/2 connection.
 {"metadata":{"emulator":{"name":"firestore"},"message":"Oct 09, 2026 11:00:23 AM io.gapi.emulators.netty.HttpVersionRoutingHandler channelRead\r\nINFO: Detected non-HTTP/2 connection.\r\n"}}
[info] i  To reset the password for jeimy.mateus@glocation.com.co, follow this link: http://127.0.0.1:9099/emulator/action?mode=resetPassword&lang=en&oobCode=cuCWLAOFsG8Xo0VbM4jTuP14dwEF0e9Pea_V01gDd3MtLDRI7qyCtI&apiKey=fake-api-key&newPassword=NEW_PASSWORD_HERE {"metadata":{"emulator":{"name":"auth"},"message":"To reset the password for jeimy.mateus@glocation.com.co, follow this link: http://127.0.0.1:9099/emulator/action?mode=resetPassword&lang=en&oobCode=cuCWLAOFsG8Xo0VbM4jTuP14dwEF0e9Pea_V01gDd3MtLDRI7qyCtI&apiKey=fake-api-key&newPassword=NEW_PASSWORD_HERE"}}
[warn] !  Multiple projectIds are not recommended in single project mode. Requested project ID demo-sso, but the emulator is configured for emuclient. To opt-out of single project mode add/set the '"singleProjectMode"' false' property in the firebase.json emulators config. {"metadata":{"emulator":{"name":"auth"},"message":"Multiple projectIds are not recommended in single project mode. Requested project ID demo-sso, but the emulator is configured for emuclient. To opt-out of single project mode add/set the '\"singleProjectMode\"' false' property in the firebase.json emulators config."}}
[warn] !  Multiple projectIds are not recommended in single project mode. Requested project ID default, but the emulator is configured for emuclient. To opt-out of single project mode add/set the '"singleProjectMode"' false' property in the firebase.json emulators config. {"metadata":{"emulator":{"name":"auth"},"message":"Multiple projectIds are not recommended in single project mode. Requested project ID default, but the emulator is configured for emuclient. To opt-out of single project mode add/set the '\"singleProjectMode\"' false' property in the firebase.json emulators config."}}
[warn] !  Multiple projectIds are not recommended in single project mode. Requested project ID sso, but the emulator is configured for emuclient. To opt-out of single project mode add/set the '"singleProjectMode"' false' property in the firebase.json emulators config. {"metadata":{"emulator":{"name":"auth"},"message":"Multiple projectIds are not recommended in single project mode. Requested project ID sso, but the emulator is configured for emuclient. To opt-out of single project mode add/set the '\"singleProjectMode\"' false' property in the firebase.json emulators config."}}
[warn] !  Multiple projectIds are not recommended in single project mode. Requested project ID test, but the emulator is configured for emuclient. To opt-out of single project mode add/set the '"singleProjectMode"' false' property in the firebase.json emulators config. {"metadata":{"emulator":{"name":"auth"},"message":"Multiple projectIds are not recommended in single project mode. Requested project ID test, but the emulator is configured for emuclient. To opt-out of single project mode add/set the '\"singleProjectMode\"' false' property in the firebase.json emulators config."}}
[warn] !  Multiple projectIds are not recommended in single project mode. Requested project ID demo, but the emulator is configured for emuclient. To opt-out of single project mode add/set the '"singleProjectMode"' false' property in the firebase.json emulators config. {"metadata":{"emulator":{"name":"auth"},"message":"Multiple projectIds are not recommended in single project mode. Requested project ID demo, but the emulator is configured for emuclient. To opt-out of single project mode add/set the '\"singleProjectMode\"' false' property in the firebase.json emulators config."}}
[warn] !  Multiple projectIds are not recommended in single project mode. Requested project ID undefined, but the emulator is configured for emuclient. To opt-out of single project mode add/set the '"singleProjectMode"' false' property in the firebase.json emulators config. {"metadata":{"emulator":{"name":"auth"},"message":"Multiple projectIds are not recommended in single project mode. Requested project ID undefined, but the emulator is configured for emuclient. To opt-out of single project mode add/set the '\"singleProjectMode\"' false' property in the firebase.json emulators config."}}
[debug] [2026-10-09T16:00:51.823Z] Oct 09, 2026 11:00:51 AM io.gapi.emulators.netty.HttpVersionRoutingHandler channelRead
INFO: Detected HTTP/2 connection.
 {"metadata":{"emulator":{"name":"firestore"},"message":"Oct 09, 2026 11:00:51 AM io.gapi.emulators.netty.HttpVersionRoutingHandler channelRead\r\nINFO: Detected HTTP/2 connection.\r\n"}}
[debug] [2026-10-09T16:00:51.834Z] Multiple projectIds are not recommended in single project mode. Requested project ID demo-sso, but the emulator is configured for emuclient. To opt-out of single project mode add/set the '"singleProjectMode": false' property in the firebase.json emulators config.
 {"metadata":{"emulator":{"name":"firestore"},"message":"Multiple projectIds are not recommended in single project mode. Requested project ID demo-sso, but the emulator is configured for emuclient. To opt-out of single project mode add/set the '\"singleProjectMode\": false' property in the firebase.json emulators config.\r\n"}}
[debug] [2026-10-09T16:00:51.835Z] Multiple projectIds are not recommended in single project mode. Requested project ID demo-sso, but the emulator is configured for emuclient. To opt-out of single project mode add/set the '"singleProjectMode": false' property in the firebase.json emulators config.
 {"metadata":{"emulator":{"name":"firestore"},"message":"Multiple projectIds are not recommended in single project mode. Requested project ID demo-sso, but the emulator is configured for emuclient. To opt-out of single project mode add/set the '\"singleProjectMode\": false' property in the firebase.json emulators config.\r\n"}}
[warn] !  Multiple projectIds are not recommended in single project mode. Requested project ID demo-sso, but the emulator is configured for emuclient. To opt-out of single project mode add/set the '"singleProjectMode"' false' property in the firebase.json emulators config. {"metadata":{"emulator":{"name":"auth"},"message":"Multiple projectIds are not recommended in single project mode. Requested project ID demo-sso, but the emulator is configured for emuclient. To opt-out of single project mode add/set the '\"singleProjectMode\"' false' property in the firebase.json emulators config."}}
[warn] !  Multiple projectIds are not recommended in single project mode. Requested project ID demo-sso, but the emulator is configured for emuclient. To opt-out of single project mode add/set the '"singleProjectMode"' false' property in the firebase.json emulators config. {"metadata":{"emulator":{"name":"auth"},"message":"Multiple projectIds are not recommended in single project mode. Requested project ID demo-sso, but the emulator is configured for emuclient. To opt-out of single project mode add/set the '\"singleProjectMode\"' false' property in the firebase.json emulators config."}}
[warn] !  Multiple projectIds are not recommended in single project mode. Requested project ID demo-sso, but the emulator is configured for emuclient. To opt-out of single project mode add/set the '"singleProjectMode"' false' property in the firebase.json emulators config. {"metadata":{"emulator":{"name":"auth"},"message":"Multiple projectIds are not recommended in single project mode. Requested project ID demo-sso, but the emulator is configured for emuclient. To opt-out of single project mode add/set the '\"singleProjectMode\"' false' property in the firebase.json emulators config."}}
[warn] !  Multiple projectIds are not recommended in single project mode. Requested project ID demo-sso, but the emulator is configured for emuclient. To opt-out of single project mode add/set the '"singleProjectMode"' false' property in the firebase.json emulators config. {"metadata":{"emulator":{"name":"auth"},"message":"Multiple projectIds are not recommended in single project mode. Requested project ID demo-sso, but the emulator is configured for emuclient. To opt-out of single project mode add/set the '\"singleProjectMode\"' false' property in the firebase.json emulators config."}}
[debug] [2026-10-09T16:00:51.883Z] Multiple projectIds are not recommended in single project mode. Requested project ID demo-sso, but the emulator is configured for emuclient. To opt-out of single project mode add/set the '"singleProjectMode": false' property in the firebase.json emulators config.
 {"metadata":{"emulator":{"name":"firestore"},"message":"Multiple projectIds are not recommended in single project mode. Requested project ID demo-sso, but the emulator is configured for emuclient. To opt-out of single project mode add/set the '\"singleProjectMode\": false' property in the firebase.json emulators config.\r\n"}}
[debug] [2026-10-09T16:00:51.883Z] Multiple projectIds are not recommended in single project mode. Requested project ID demo-sso, but the emulator is configured for emuclient. To opt-out of single project mode add/set the '"singleProjectMode": false' property in the firebase.json emulators config.
 {"metadata":{"emulator":{"name":"firestore"},"message":"Multiple projectIds are not recommended in single project mode. Requested project ID demo-sso, but the emulator is configured for emuclient. To opt-out of single project mode add/set the '\"singleProjectMode\": false' property in the firebase.json emulators config.\r\n"}}
[warn] !  Multiple projectIds are not recommended in single project mode. Requested project ID demo-sso, but the emulator is configured for emuclient. To opt-out of single project mode add/set the '"singleProjectMode"' false' property in the firebase.json emulators config. {"metadata":{"emulator":{"name":"auth"},"message":"Multiple projectIds are not recommended in single project mode. Requested project ID demo-sso, but the emulator is configured for emuclient. To opt-out of single project mode add/set the '\"singleProjectMode\"' false' property in the firebase.json emulators config."}}
[warn] !  Multiple projectIds are not recommended in single project mode. Requested project ID demo-sso, but the emulator is configured for emuclient. To opt-out of single project mode add/set the '"singleProjectMode"' false' property in the firebase.json emulators config. {"metadata":{"emulator":{"name":"auth"},"message":"Multiple projectIds are not recommended in single project mode. Requested project ID demo-sso, but the emulator is configured for emuclient. To opt-out of single project mode add/set the '\"singleProjectMode\"' false' property in the firebase.json emulators config."}}
[warn] !  Multiple projectIds are not recommended in single project mode. Requested project ID demo-sso, but the emulator is configured for emuclient. To opt-out of single project mode add/set the '"singleProjectMode"' false' property in the firebase.json emulators config. {"metadata":{"emulator":{"name":"auth"},"message":"Multiple projectIds are not recommended in single project mode. Requested project ID demo-sso, but the emulator is configured for emuclient. To opt-out of single project mode add/set the '\"singleProjectMode\"' false' property in the firebase.json emulators config."}}
[debug] [2026-10-09T16:01:23.143Z] Oct 09, 2026 11:01:23 AM io.gapi.emulators.netty.HttpVersionRoutingHandler channelRead
INFO: Detected non-HTTP/2 connection.
 {"metadata":{"emulator":{"name":"firestore"},"message":"Oct 09, 2026 11:01:23 AM io.gapi.emulators.netty.HttpVersionRoutingHandler channelRead\r\nINFO: Detected non-HTTP/2 connection.\r\n"}}
[warn] !  Multiple projectIds are not recommended in single project mode. Requested project ID demo-sso, but the emulator is configured for emuclient. To opt-out of single project mode add/set the '"singleProjectMode"' false' property in the firebase.json emulators config. {"metadata":{"emulator":{"name":"auth"},"message":"Multiple projectIds are not recommended in single project mode. Requested project ID demo-sso, but the emulator is configured for emuclient. To opt-out of single project mode add/set the '\"singleProjectMode\"' false' property in the firebase.json emulators config."}}
[warn] !  Multiple projectIds are not recommended in single project mode. Requested project ID default, but the emulator is configured for emuclient. To opt-out of single project mode add/set the '"singleProjectMode"' false' property in the firebase.json emulators config. {"metadata":{"emulator":{"name":"auth"},"message":"Multiple projectIds are not recommended in single project mode. Requested project ID default, but the emulator is configured for emuclient. To opt-out of single project mode add/set the '\"singleProjectMode\"' false' property in the firebase.json emulators config."}}
[warn] !  Multiple projectIds are not recommended in single project mode. Requested project ID _, but the emulator is configured for emuclient. To opt-out of single project mode add/set the '"singleProjectMode"' false' property in the firebase.json emulators config. {"metadata":{"emulator":{"name":"auth"},"message":"Multiple projectIds are not recommended in single project mode. Requested project ID _, but the emulator is configured for emuclient. To opt-out of single project mode add/set the '\"singleProjectMode\"' false' property in the firebase.json emulators config."}}
[warn] !  Multiple projectIds are not recommended in single project mode. Requested project ID demo-project, but the emulator is configured for emuclient. To opt-out of single project mode add/set the '"singleProjectMode"' false' property in the firebase.json emulators config. {"metadata":{"emulator":{"name":"auth"},"message":"Multiple projectIds are not recommended in single project mode. Requested project ID demo-project, but the emulator is configured for emuclient. To opt-out of single project mode add/set the '\"singleProjectMode\"' false' property in the firebase.json emulators config."}}
[warn] !  Multiple projectIds are not recommended in single project mode. Requested project ID undefined, but the emulator is configured for emuclient. To opt-out of single project mode add/set the '"singleProjectMode"' false' property in the firebase.json emulators config. {"metadata":{"emulator":{"name":"auth"},"message":"Multiple projectIds are not recommended in single project mode. Requested project ID undefined, but the emulator is configured for emuclient. To opt-out of single project mode add/set the '\"singleProjectMode\"' false' property in the firebase.json emulators config."}}
[warn] !  Multiple projectIds are not recommended in single project mode. Requested project ID fake-api-key, but the emulator is configured for emuclient. To opt-out of single project mode add/set the '"singleProjectMode"' false' property in the firebase.json emulators config. {"metadata":{"emulator":{"name":"auth"},"message":"Multiple projectIds are not recommended in single project mode. Requested project ID fake-api-key, but the emulator is configured for emuclient. To opt-out of single project mode add/set the '\"singleProjectMode\"' false' property in the firebase.json emulators config."}}
[warn] !  Multiple projectIds are not recommended in single project mode. Requested project ID demo-api-key, but the emulator is configured for emuclient. To opt-out of single project mode add/set the '"singleProjectMode"' false' property in the firebase.json emulators config. {"metadata":{"emulator":{"name":"auth"},"message":"Multiple projectIds are not recommended in single project mode. Requested project ID demo-api-key, but the emulator is configured for emuclient. To opt-out of single project mode add/set the '\"singleProjectMode\"' false' property in the firebase.json emulators config."}}
[warn] !  Multiple projectIds are not recommended in single project mode. Requested project ID null, but the emulator is configured for emuclient. To opt-out of single project mode add/set the '"singleProjectMode"' false' property in the firebase.json emulators config. {"metadata":{"emulator":{"name":"auth"},"message":"Multiple projectIds are not recommended in single project mode. Requested project ID null, but the emulator is configured for emuclient. To opt-out of single project mode add/set the '\"singleProjectMode\"' false' property in the firebase.json emulators config."}}
[warn] !  Multiple projectIds are not recommended in single project mode. Requested project ID sso, but the emulator is configured for emuclient. To opt-out of single project mode add/set the '"singleProjectMode"' false' property in the firebase.json emulators config. {"metadata":{"emulator":{"name":"auth"},"message":"Multiple projectIds are not recommended in single project mode. Requested project ID sso, but the emulator is configured for emuclient. To opt-out of single project mode add/set the '\"singleProjectMode\"' false' property in the firebase.json emulators config."}}
[warn] !  Multiple projectIds are not recommended in single project mode. Requested project ID demo-sso, but the emulator is configured for emuclient. To opt-out of single project mode add/set the '"singleProjectMode"' false' property in the firebase.json emulators config. {"metadata":{"emulator":{"name":"auth"},"message":"Multiple projectIds are not recommended in single project mode. Requested project ID demo-sso, but the emulator is configured for emuclient. To opt-out of single project mode add/set the '\"singleProjectMode\"' false' property in the firebase.json emulators config."}}
[warn] !  Multiple projectIds are not recommended in single project mode. Requested project ID demo-sso, but the emulator is configured for emuclient. To opt-out of single project mode add/set the '"singleProjectMode"' false' property in the firebase.json emulators config. {"metadata":{"emulator":{"name":"auth"},"message":"Multiple projectIds are not recommended in single project mode. Requested project ID demo-sso, but the emulator is configured for emuclient. To opt-out of single project mode add/set the '\"singleProjectMode\"' false' property in the firebase.json emulators config."}}
[debug] [2026-10-09T16:02:00.191Z] Oct 09, 2026 11:02:00 AM io.gapi.emulators.netty.HttpVersionRoutingHandler channelRead
INFO: Detected HTTP/2 connection.
 {"metadata":{"emulator":{"name":"firestore"},"message":"Oct 09, 2026 11:02:00 AM io.gapi.emulators.netty.HttpVersionRoutingHandler channelRead\r\nINFO: Detected HTTP/2 connection.\r\n"}}
[debug] [2026-10-09T16:02:00.207Z] Multiple projectIds are not recommended in single project mode. Requested project ID demo-sso, but the emulator is configured for emuclient. To opt-out of single project mode add/set the '"singleProjectMode": false' property in the firebase.json emulators config.
 {"metadata":{"emulator":{"name":"firestore"},"message":"Multiple projectIds are not recommended in single project mode. Requested project ID demo-sso, but the emulator is configured for emuclient. To opt-out of single project mode add/set the '\"singleProjectMode\": false' property in the firebase.json emulators config.\r\n"}}
[debug] [2026-10-09T16:02:00.208Z] Multiple projectIds are not recommended in single project mode. Requested project ID demo-sso, but the emulator is configured for emuclient. To opt-out of single project mode add/set the '"singleProjectMode": false' property in the firebase.json emulators config.
 {"metadata":{"emulator":{"name":"firestore"},"message":"Multiple projectIds are not recommended in single project mode. Requested project ID demo-sso, but the emulator is configured for emuclient. To opt-out of single project mode add/set the '\"singleProjectMode\": false' property in the firebase.json emulators config.\r\n"}}
[debug] [2026-10-09T16:02:00.250Z] Multiple projectIds are not recommended in single project mode. Requested project ID demo-sso, but the emulator is configured for emuclient. To opt-out of single project mode add/set the '"singleProjectMode": false' property in the firebase.json emulators config.
Multiple projectIds are not recommended in single project mode. Requested project ID demo-sso, but the emulator is configured for emuclient. To opt-out of single project mode add/set the '"singleProjectMode": false' property in the firebase.json emulators config.
 {"metadata":{"emulator":{"name":"firestore"},"message":"Multiple projectIds are not recommended in single project mode. Requested project ID demo-sso, but the emulator is configured for emuclient. To opt-out of single project mode add/set the '\"singleProjectMode\": false' property in the firebase.json emulators config.\r\nMultiple projectIds are not recommended in single project mode. Requested project ID demo-sso, but the emulator is configured for emuclient. To opt-out of single project mode add/set the '\"singleProjectMode\": false' property in the firebase.json emulators config.\r\n"}}
[debug] [2026-10-09T16:02:21.530Z] Oct 09, 2026 11:02:21 AM io.gapi.emulators.netty.HttpVersionRoutingHandler channelRead
INFO: Detected non-HTTP/2 connection.
 {"metadata":{"emulator":{"name":"firestore"},"message":"Oct 09, 2026 11:02:21 AM io.gapi.emulators.netty.HttpVersionRoutingHandler channelRead\r\nINFO: Detected non-HTTP/2 connection.\r\n"}}
[debug] [2026-10-09T16:02:21.544Z] Oct 09, 2026 11:02:21 AM io.gapi.emulators.netty.HttpVersionRoutingHandler channelRead
INFO: Detected non-HTTP/2 connection.
 {"metadata":{"emulator":{"name":"firestore"},"message":"Oct 09, 2026 11:02:21 AM io.gapi.emulators.netty.HttpVersionRoutingHandler channelRead\r\nINFO: Detected non-HTTP/2 connection.\r\n"}}
[debug] [2026-10-09T16:02:21.662Z] Oct 09, 2026 11:02:21 AM com.google.cloud.datastore.emulator.firestore.websocket.WebSocketChannelHandler channelClosed
INFO: Websocket client disconnected
 {"metadata":{"emulator":{"name":"firestore"},"message":"Oct 09, 2026 11:02:21 AM com.google.cloud.datastore.emulator.firestore.websocket.WebSocketChannelHandler channelClosed\r\nINFO: Websocket client disconnected\r\n"}}
[debug] [2026-10-09T16:02:22.022Z] Oct 09, 2026 11:02:22 AM com.google.cloud.datastore.emulator.firestore.websocket.WebSocketChannelHandler initChannel
INFO: Connected to new websocket client
 {"metadata":{"emulator":{"name":"firestore"},"message":"Oct 09, 2026 11:02:22 AM com.google.cloud.datastore.emulator.firestore.websocket.WebSocketChannelHandler initChannel\r\nINFO: Connected to new websocket client\r\n"}}
[debug] [2026-10-09T16:02:22.175Z] Oct 09, 2026 11:02:22 AM io.gapi.emulators.netty.HttpVersionRoutingHandler channelRead
INFO: Detected non-HTTP/2 connection.
 {"metadata":{"emulator":{"name":"firestore"},"message":"Oct 09, 2026 11:02:22 AM io.gapi.emulators.netty.HttpVersionRoutingHandler channelRead\r\nINFO: Detected non-HTTP/2 connection.\r\n"}}
[debug] [2026-10-09T16:02:22.305Z] Oct 09, 2026 11:02:22 AM io.gapi.emulators.netty.HttpVersionRoutingHandler channelRead
INFO: Detected non-HTTP/2 connection.
 {"metadata":{"emulator":{"name":"firestore"},"message":"Oct 09, 2026 11:02:22 AM io.gapi.emulators.netty.HttpVersionRoutingHandler channelRead\r\nINFO: Detected non-HTTP/2 connection.\r\n"}}
[debug] [2026-10-09T16:02:22.387Z] Oct 09, 2026 11:02:22 AM io.gapi.emulators.netty.HttpVersionRoutingHandler channelRead
INFO: Detected non-HTTP/2 connection.
 {"metadata":{"emulator":{"name":"firestore"},"message":"Oct 09, 2026 11:02:22 AM io.gapi.emulators.netty.HttpVersionRoutingHandler channelRead\r\nINFO: Detected non-HTTP/2 connection.\r\n"}}
[debug] [2026-10-09T16:02:52.310Z] Oct 09, 2026 11:02:52 AM io.gapi.emulators.netty.HttpVersionRoutingHandler channelRead
INFO: Detected non-HTTP/2 connection.
 {"metadata":{"emulator":{"name":"firestore"},"message":"Oct 09, 2026 11:02:52 AM io.gapi.emulators.netty.HttpVersionRoutingHandler channelRead\r\nINFO: Detected non-HTTP/2 connection.\r\n"}}
[debug] [2026-10-09T16:02:52.522Z] Oct 09, 2026 11:02:52 AM io.gapi.emulators.netty.HttpVersionRoutingHandler channelRead
INFO: Detected non-HTTP/2 connection.
 {"metadata":{"emulator":{"name":"firestore"},"message":"Oct 09, 2026 11:02:52 AM io.gapi.emulators.netty.HttpVersionRoutingHandler channelRead\r\nINFO: Detected non-HTTP/2 connection.\r\n"}}
[debug] [2026-10-09T16:02:56.661Z] Oct 09, 2026 11:02:56 AM io.gapi.emulators.netty.HttpVersionRoutingHandler channelRead
INFO: Detected non-HTTP/2 connection.
 {"metadata":{"emulator":{"name":"firestore"},"message":"Oct 09, 2026 11:02:56 AM io.gapi.emulators.netty.HttpVersionRoutingHandler channelRead\r\nINFO: Detected non-HTTP/2 connection.\r\n"}}
[debug] [2026-10-09T16:03:03.538Z] Multiple projectIds are not recommended in single project mode. Requested project ID demo-sso, but the emulator is configured for emuclient. To opt-out of single project mode add/set the '"singleProjectMode": false' property in the firebase.json emulators config.
 {"metadata":{"emulator":{"name":"firestore"},"message":"Multiple projectIds are not recommended in single project mode. Requested project ID demo-sso, but the emulator is configured for emuclient. To opt-out of single project mode add/set the '\"singleProjectMode\": false' property in the firebase.json emulators config.\r\n"}}
[debug] [2026-10-09T16:03:03.539Z] Multiple projectIds are not recommended in single project mode. Requested project ID demo-sso, but the emulator is configured for emuclient. To opt-out of single project mode add/set the '"singleProjectMode": false' property in the firebase.json emulators config.
Multiple projectIds are not recommended in single project mode. Requested project ID demo-sso, but the emulator is configured for emuclient. To opt-out of single project mode add/set the '"singleProjectMode": false' property in the firebase.json emulators config.
Multiple projectIds are not recommended in single project mode. Requested project ID demo-sso, but the emulator is configured for emuclient. To opt-out of single project mode add/set the '"singleProjectMode": false' property in the firebase.json emulators config.
 {"metadata":{"emulator":{"name":"firestore"},"message":"Multiple projectIds are not recommended in single project mode. Requested project ID demo-sso, but the emulator is configured for emuclient. To opt-out of single project mode add/set the '\"singleProjectMode\": false' property in the firebase.json emulators config.\r\nMultiple projectIds are not recommended in single project mode. Requested project ID demo-sso, but the emulator is configured for emuclient. To opt-out of single project mode add/set the '\"singleProjectMode\": false' property in the firebase.json emulators config.\r\nMultiple projectIds are not recommended in single project mode. Requested project ID demo-sso, but the emulator is configured for emuclient. To opt-out of single project mode add/set the '\"singleProjectMode\": false' property in the firebase.json emulators config.\r\n"}}
[debug] [2026-10-09T16:03:18.051Z] Multiple projectIds are not recommended in single project mode. Requested project ID demo-sso, but the emulator is configured for emuclient. To opt-out of single project mode add/set the '"singleProjectMode": false' property in the firebase.json emulators config.
 {"metadata":{"emulator":{"name":"firestore"},"message":"Multiple projectIds are not recommended in single project mode. Requested project ID demo-sso, but the emulator is configured for emuclient. To opt-out of single project mode add/set the '\"singleProjectMode\": false' property in the firebase.json emulators config.\r\n"}}
[debug] [2026-10-09T16:03:18.052Z] Multiple projectIds are not recommended in single project mode. Requested project ID demo-sso, but the emulator is configured for emuclient. To opt-out of single project mode add/set the '"singleProjectMode": false' property in the firebase.json emulators config.
 {"metadata":{"emulator":{"name":"firestore"},"message":"Multiple projectIds are not recommended in single project mode. Requested project ID demo-sso, but the emulator is configured for emuclient. To opt-out of single project mode add/set the '\"singleProjectMode\": false' property in the firebase.json emulators config.\r\n"}}
[debug] [2026-10-09T16:03:18.072Z] Multiple projectIds are not recommended in single project mode. Requested project ID demo-sso, but the emulator is configured for emuclient. To opt-out of single project mode add/set the '"singleProjectMode": false' property in the firebase.json emulators config.
Multiple projectIds are not recommended in single project mode. Requested project ID demo-sso, but the emulator is configured for emuclient. To opt-out of single project mode add/set the '"singleProjectMode": false' property in the firebase.json emulators config.
 {"metadata":{"emulator":{"name":"firestore"},"message":"Multiple projectIds are not recommended in single project mode. Requested project ID demo-sso, but the emulator is configured for emuclient. To opt-out of single project mode add/set the '\"singleProjectMode\": false' property in the firebase.json emulators config.\r\nMultiple projectIds are not recommended in single project mode. Requested project ID demo-sso, but the emulator is configured for emuclient. To opt-out of single project mode add/set the '\"singleProjectMode\": false' property in the firebase.json emulators config.\r\n"}}
[warn] !  Multiple projectIds are not recommended in single project mode. Requested project ID demo-sso, but the emulator is configured for emuclient. To opt-out of single project mode add/set the '"singleProjectMode"' false' property in the firebase.json emulators config. {"metadata":{"emulator":{"name":"auth"},"message":"Multiple projectIds are not recommended in single project mode. Requested project ID demo-sso, but the emulator is configured for emuclient. To opt-out of single project mode add/set the '\"singleProjectMode\"' false' property in the firebase.json emulators config."}}
[warn] !  Multiple projectIds are not recommended in single project mode. Requested project ID demo-sso, but the emulator is configured for emuclient. To opt-out of single project mode add/set the '"singleProjectMode"' false' property in the firebase.json emulators config. {"metadata":{"emulator":{"name":"auth"},"message":"Multiple projectIds are not recommended in single project mode. Requested project ID demo-sso, but the emulator is configured for emuclient. To opt-out of single project mode add/set the '\"singleProjectMode\"' false' property in the firebase.json emulators config."}}
[debug] [2026-10-09T16:03:22.437Z] Oct 09, 2026 11:03:22 AM io.gapi.emulators.netty.HttpVersionRoutingHandler channelRead
INFO: Detected non-HTTP/2 connection.
 {"metadata":{"emulator":{"name":"firestore"},"message":"Oct 09, 2026 11:03:22 AM io.gapi.emulators.netty.HttpVersionRoutingHandler channelRead\r\nINFO: Detected non-HTTP/2 connection.\r\n"}}
[debug] [2026-10-09T16:04:20.667Z] Multiple projectIds are not recommended in single project mode. Requested project ID demo-sso, but the emulator is configured for emuclient. To opt-out of single project mode add/set the '"singleProjectMode": false' property in the firebase.json emulators config.
 {"metadata":{"emulator":{"name":"firestore"},"message":"Multiple projectIds are not recommended in single project mode. Requested project ID demo-sso, but the emulator is configured for emuclient. To opt-out of single project mode add/set the '\"singleProjectMode\": false' property in the firebase.json emulators config.\r\n"}}
[debug] [2026-10-09T16:04:20.668Z] Multiple projectIds are not recommended in single project mode. Requested project ID demo-sso, but the emulator is configured for emuclient. To opt-out of single project mode add/set the '"singleProjectMode": false' property in the firebase.json emulators config.
 {"metadata":{"emulator":{"name":"firestore"},"message":"Multiple projectIds are not recommended in single project mode. Requested project ID demo-sso, but the emulator is configured for emuclient. To opt-out of single project mode add/set the '\"singleProjectMode\": false' property in the firebase.json emulators config.\r\n"}}
[debug] [2026-10-09T16:04:22.462Z] Oct 09, 2026 11:04:22 AM io.gapi.emulators.netty.HttpVersionRoutingHandler channelRead
INFO: Detected non-HTTP/2 connection.
 {"metadata":{"emulator":{"name":"firestore"},"message":"Oct 09, 2026 11:04:22 AM io.gapi.emulators.netty.HttpVersionRoutingHandler channelRead\r\nINFO: Detected non-HTTP/2 connection.\r\n"}}
[debug] [2026-10-09T16:05:22.490Z] Oct 09, 2026 11:05:22 AM io.gapi.emulators.netty.HttpVersionRoutingHandler channelRead
INFO: Detected non-HTTP/2 connection.
 {"metadata":{"emulator":{"name":"firestore"},"message":"Oct 09, 2026 11:05:22 AM io.gapi.emulators.netty.HttpVersionRoutingHandler channelRead\r\nINFO: Detected non-HTTP/2 connection.\r\n"}}
[debug] [2026-10-09T16:06:22.515Z] Oct 09, 2026 11:06:22 AM io.gapi.emulators.netty.HttpVersionRoutingHandler channelRead
INFO: Detected non-HTTP/2 connection.
 {"metadata":{"emulator":{"name":"firestore"},"message":"Oct 09, 2026 11:06:22 AM io.gapi.emulators.netty.HttpVersionRoutingHandler channelRead\r\nINFO: Detected non-HTTP/2 connection.\r\n"}}
[debug] [2026-10-09T16:07:22.549Z] Oct 09, 2026 11:07:22 AM io.gapi.emulators.netty.HttpVersionRoutingHandler channelRead
INFO: Detected non-HTTP/2 connection.
 {"metadata":{"emulator":{"name":"firestore"},"message":"Oct 09, 2026 11:07:22 AM io.gapi.emulators.netty.HttpVersionRoutingHandler channelRead\r\nINFO: Detected non-HTTP/2 connection.\r\n"}}
[debug] [2026-10-09T16:08:22.590Z] Oct 09, 2026 11:08:22 AM io.gapi.emulators.netty.HttpVersionRoutingHandler channelRead
INFO: Detected non-HTTP/2 connection.
 {"metadata":{"emulator":{"name":"firestore"},"message":"Oct 09, 2026 11:08:22 AM io.gapi.emulators.netty.HttpVersionRoutingHandler channelRead\r\nINFO: Detected non-HTTP/2 connection.\r\n"}}
[debug] [2026-10-09T16:09:22.616Z] Oct 09, 2026 11:09:22 AM io.gapi.emulators.netty.HttpVersionRoutingHandler channelRead
INFO: Detected non-HTTP/2 connection.
 {"metadata":{"emulator":{"name":"firestore"},"message":"Oct 09, 2026 11:09:22 AM io.gapi.emulators.netty.HttpVersionRoutingHandler channelRead\r\nINFO: Detected non-HTTP/2 connection.\r\n"}}
[debug] [2026-10-09T16:10:22.634Z] Oct 09, 2026 11:10:22 AM io.gapi.emulators.netty.HttpVersionRoutingHandler channelRead
INFO: Detected non-HTTP/2 connection.
 {"metadata":{"emulator":{"name":"firestore"},"message":"Oct 09, 2026 11:10:22 AM io.gapi.emulators.netty.HttpVersionRoutingHandler channelRead\r\nINFO: Detected non-HTTP/2 connection.\r\n"}}
[debug] [2026-10-09T16:11:22.651Z] Oct 09, 2026 11:11:22 AM io.gapi.emulators.netty.HttpVersionRoutingHandler channelRead
INFO: Detected non-HTTP/2 connection.
 {"metadata":{"emulator":{"name":"firestore"},"message":"Oct 09, 2026 11:11:22 AM io.gapi.emulators.netty.HttpVersionRoutingHandler channelRead\r\nINFO: Detected non-HTTP/2 connection.\r\n"}}
[debug] [2026-10-09T16:12:07.735Z] Oct 09, 2026 11:12:07 AM io.gapi.emulators.netty.HttpVersionRoutingHandler channelRead
INFO: Detected non-HTTP/2 connection.
 {"metadata":{"emulator":{"name":"firestore"},"message":"Oct 09, 2026 11:12:07 AM io.gapi.emulators.netty.HttpVersionRoutingHandler channelRead\r\nINFO: Detected non-HTTP/2 connection.\r\n"}}
[debug] [2026-10-09T16:13:07.771Z] Oct 09, 2026 11:13:07 AM io.gapi.emulators.netty.HttpVersionRoutingHandler channelRead
INFO: Detected non-HTTP/2 connection.
 {"metadata":{"emulator":{"name":"firestore"},"message":"Oct 09, 2026 11:13:07 AM io.gapi.emulators.netty.HttpVersionRoutingHandler channelRead\r\nINFO: Detected non-HTTP/2 connection.\r\n"}}
[debug] [2026-10-09T16:13:47.591Z] Oct 09, 2026 11:13:47 AM com.google.cloud.datastore.emulator.firestore.websocket.WebSocketChannelHandler channelClosed
INFO: Websocket client disconnected
 {"metadata":{"emulator":{"name":"firestore"},"message":"Oct 09, 2026 11:13:47 AM com.google.cloud.datastore.emulator.firestore.websocket.WebSocketChannelHandler channelClosed\r\nINFO: Websocket client disconnected\r\n"}}
[debug] [2026-10-09T16:13:47.597Z] Oct 09, 2026 11:13:47 AM io.gapi.emulators.netty.HttpVersionRoutingHandler channelRead
INFO: Detected non-HTTP/2 connection.
 {"metadata":{"emulator":{"name":"firestore"},"message":"Oct 09, 2026 11:13:47 AM io.gapi.emulators.netty.HttpVersionRoutingHandler channelRead\r\nINFO: Detected non-HTTP/2 connection.\r\n"}}
[debug] [2026-10-09T16:17:33.810Z] Multiple projectIds are not recommended in single project mode. Requested project ID demo-sso, but the emulator is configured for emuclient. To opt-out of single project mode add/set the '"singleProjectMode": false' property in the firebase.json emulators config.
 {"metadata":{"emulator":{"name":"firestore"},"message":"Multiple projectIds are not recommended in single project mode. Requested project ID demo-sso, but the emulator is configured for emuclient. To opt-out of single project mode add/set the '\"singleProjectMode\": false' property in the firebase.json emulators config.\r\n"}}
[debug] [2026-10-09T16:17:33.812Z] Multiple projectIds are not recommended in single project mode. Requested project ID demo-sso, but the emulator is configured for emuclient. To opt-out of single project mode add/set the '"singleProjectMode": false' property in the firebase.json emulators config.
Multiple projectIds are not recommended in single project mode. Requested project ID demo-sso, but the emulator is configured for emuclient. To opt-out of single project mode add/set the '"singleProjectMode": false' property in the firebase.json emulators config.
Multiple projectIds are not recommended in single project mode. Requested project ID demo-sso, but the emulator is configured for emuclient. To opt-out of single project mode add/set the '"singleProjectMode": false' property in the firebase.json emulators config.
 {"metadata":{"emulator":{"name":"firestore"},"message":"Multiple projectIds are not recommended in single project mode. Requested project ID demo-sso, but the emulator is configured for emuclient. To opt-out of single project mode add/set the '\"singleProjectMode\": false' property in the firebase.json emulators config.\r\nMultiple projectIds are not recommended in single project mode. Requested project ID demo-sso, but the emulator is configured for emuclient. To opt-out of single project mode add/set the '\"singleProjectMode\": false' property in the firebase.json emulators config.\r\nMultiple projectIds are not recommended in single project mode. Requested project ID demo-sso, but the emulator is configured for emuclient. To opt-out of single project mode add/set the '\"singleProjectMode\": false' property in the firebase.json emulators config.\r\n"}}
[debug] [2026-10-09T16:17:44.697Z] Multiple projectIds are not recommended in single project mode. Requested project ID demo-sso, but the emulator is configured for emuclient. To opt-out of single project mode add/set the '"singleProjectMode": false' property in the firebase.json emulators config.
 {"metadata":{"emulator":{"name":"firestore"},"message":"Multiple projectIds are not recommended in single project mode. Requested project ID demo-sso, but the emulator is configured for emuclient. To opt-out of single project mode add/set the '\"singleProjectMode\": false' property in the firebase.json emulators config.\r\n"}}
[debug] [2026-10-09T16:17:44.698Z] Multiple projectIds are not recommended in single project mode. Requested project ID demo-sso, but the emulator is configured for emuclient. To opt-out of single project mode add/set the '"singleProjectMode": false' property in the firebase.json emulators config.
 {"metadata":{"emulator":{"name":"firestore"},"message":"Multiple projectIds are not recommended in single project mode. Requested project ID demo-sso, but the emulator is configured for emuclient. To opt-out of single project mode add/set the '\"singleProjectMode\": false' property in the firebase.json emulators config.\r\n"}}
[debug] [2026-10-09T16:17:44.730Z] Multiple projectIds are not recommended in single project mode. Requested project ID demo-sso, but the emulator is configured for emuclient. To opt-out of single project mode add/set the '"singleProjectMode": false' property in the firebase.json emulators config.
 {"metadata":{"emulator":{"name":"firestore"},"message":"Multiple projectIds are not recommended in single project mode. Requested project ID demo-sso, but the emulator is configured for emuclient. To opt-out of single project mode add/set the '\"singleProjectMode\": false' property in the firebase.json emulators config.\r\n"}}
[debug] [2026-10-09T16:17:44.731Z] Multiple projectIds are not recommended in single project mode. Requested project ID demo-sso, but the emulator is configured for emuclient. To opt-out of single project mode add/set the '"singleProjectMode": false' property in the firebase.json emulators config.
 {"metadata":{"emulator":{"name":"firestore"},"message":"Multiple projectIds are not recommended in single project mode. Requested project ID demo-sso, but the emulator is configured for emuclient. To opt-out of single project mode add/set the '\"singleProjectMode\": false' property in the firebase.json emulators config.\r\n"}}
[debug] [2026-10-09T16:17:45.145Z] Multiple projectIds are not recommended in single project mode. Requested project ID demo-sso, but the emulator is configured for emuclient. To opt-out of single project mode add/set the '"singleProjectMode": false' property in the firebase.json emulators config.
 {"metadata":{"emulator":{"name":"firestore"},"message":"Multiple projectIds are not recommended in single project mode. Requested project ID demo-sso, but the emulator is configured for emuclient. To opt-out of single project mode add/set the '\"singleProjectMode\": false' property in the firebase.json emulators config.\r\n"}}
[debug] [2026-10-09T16:17:45.146Z] Multiple projectIds are not recommended in single project mode. Requested project ID demo-sso, but the emulator is configured for emuclient. To opt-out of single project mode add/set the '"singleProjectMode": false' property in the firebase.json emulators config.
 {"metadata":{"emulator":{"name":"firestore"},"message":"Multiple projectIds are not recommended in single project mode. Requested project ID demo-sso, but the emulator is configured for emuclient. To opt-out of single project mode add/set the '\"singleProjectMode\": false' property in the firebase.json emulators config.\r\n"}}
[debug] [2026-10-09T16:17:45.719Z] Multiple projectIds are not recommended in single project mode. Requested project ID demo-sso, but the emulator is configured for emuclient. To opt-out of single project mode add/set the '"singleProjectMode": false' property in the firebase.json emulators config.
 {"metadata":{"emulator":{"name":"firestore"},"message":"Multiple projectIds are not recommended in single project mode. Requested project ID demo-sso, but the emulator is configured for emuclient. To opt-out of single project mode add/set the '\"singleProjectMode\": false' property in the firebase.json emulators config.\r\n"}}
[debug] [2026-10-09T16:17:45.720Z] Multiple projectIds are not recommended in single project mode. Requested project ID demo-sso, but the emulator is configured for emuclient. To opt-out of single project mode add/set the '"singleProjectMode": false' property in the firebase.json emulators config.
 {"metadata":{"emulator":{"name":"firestore"},"message":"Multiple projectIds are not recommended in single project mode. Requested project ID demo-sso, but the emulator is configured for emuclient. To opt-out of single project mode add/set the '\"singleProjectMode\": false' property in the firebase.json emulators config.\r\n"}}
[debug] [2026-10-09T16:17:45.822Z] Multiple projectIds are not recommended in single project mode. Requested project ID demo-sso, but the emulator is configured for emuclient. To opt-out of single project mode add/set the '"singleProjectMode": false' property in the firebase.json emulators config.
 {"metadata":{"emulator":{"name":"firestore"},"message":"Multiple projectIds are not recommended in single project mode. Requested project ID demo-sso, but the emulator is configured for emuclient. To opt-out of single project mode add/set the '\"singleProjectMode\": false' property in the firebase.json emulators config.\r\n"}}
[debug] [2026-10-09T16:17:45.823Z] Multiple projectIds are not recommended in single project mode. Requested project ID demo-sso, but the emulator is configured for emuclient. To opt-out of single project mode add/set the '"singleProjectMode": false' property in the firebase.json emulators config.
 {"metadata":{"emulator":{"name":"firestore"},"message":"Multiple projectIds are not recommended in single project mode. Requested project ID demo-sso, but the emulator is configured for emuclient. To opt-out of single project mode add/set the '\"singleProjectMode\": false' property in the firebase.json emulators config.\r\n"}}
[debug] [2026-10-09T16:22:56.603Z] Multiple projectIds are not recommended in single project mode. Requested project ID demo-sso, but the emulator is configured for emuclient. To opt-out of single project mode add/set the '"singleProjectMode": false' property in the firebase.json emulators config.
 {"metadata":{"emulator":{"name":"firestore"},"message":"Multiple projectIds are not recommended in single project mode. Requested project ID demo-sso, but the emulator is configured for emuclient. To opt-out of single project mode add/set the '\"singleProjectMode\": false' property in the firebase.json emulators config.\r\n"}}
[debug] [2026-10-09T16:22:56.605Z] Multiple projectIds are not recommended in single project mode. Requested project ID demo-sso, but the emulator is configured for emuclient. To opt-out of single project mode add/set the '"singleProjectMode": false' property in the firebase.json emulators config.
 {"metadata":{"emulator":{"name":"firestore"},"message":"Multiple projectIds are not recommended in single project mode. Requested project ID demo-sso, but the emulator is configured for emuclient. To opt-out of single project mode add/set the '\"singleProjectMode\": false' property in the firebase.json emulators config.\r\n"}}
[debug] [2026-10-09T16:22:56.692Z] Multiple projectIds are not recommended in single project mode. Requested project ID demo-sso, but the emulator is configured for emuclient. To opt-out of single project mode add/set the '"singleProjectMode": false' property in the firebase.json emulators config.
 {"metadata":{"emulator":{"name":"firestore"},"message":"Multiple projectIds are not recommended in single project mode. Requested project ID demo-sso, but the emulator is configured for emuclient. To opt-out of single project mode add/set the '\"singleProjectMode\": false' property in the firebase.json emulators config.\r\n"}}
[debug] [2026-10-09T16:22:56.693Z] Multiple projectIds are not recommended in single project mode. Requested project ID demo-sso, but the emulator is configured for emuclient. To opt-out of single project mode add/set the '"singleProjectMode": false' property in the firebase.json emulators config.
 {"metadata":{"emulator":{"name":"firestore"},"message":"Multiple projectIds are not recommended in single project mode. Requested project ID demo-sso, but the emulator is configured for emuclient. To opt-out of single project mode add/set the '\"singleProjectMode\": false' property in the firebase.json emulators config.\r\n"}}
[debug] [2026-10-09T16:22:56.828Z] Multiple projectIds are not recommended in single project mode. Requested project ID demo-sso, but the emulator is configured for emuclient. To opt-out of single project mode add/set the '"singleProjectMode": false' property in the firebase.json emulators config.
 {"metadata":{"emulator":{"name":"firestore"},"message":"Multiple projectIds are not recommended in single project mode. Requested project ID demo-sso, but the emulator is configured for emuclient. To opt-out of single project mode add/set the '\"singleProjectMode\": false' property in the firebase.json emulators config.\r\n"}}
[debug] [2026-10-09T16:22:56.828Z] Multiple projectIds are not recommended in single project mode. Requested project ID demo-sso, but the emulator is configured for emuclient. To opt-out of single project mode add/set the '"singleProjectMode": false' property in the firebase.json emulators config.
 {"metadata":{"emulator":{"name":"firestore"},"message":"Multiple projectIds are not recommended in single project mode. Requested project ID demo-sso, but the emulator is configured for emuclient. To opt-out of single project mode add/set the '\"singleProjectMode\": false' property in the firebase.json emulators config.\r\n"}}
[debug] [2026-10-09T16:22:56.857Z] Multiple projectIds are not recommended in single project mode. Requested project ID demo-sso, but the emulator is configured for emuclient. To opt-out of single project mode add/set the '"singleProjectMode": false' property in the firebase.json emulators config.
 {"metadata":{"emulator":{"name":"firestore"},"message":"Multiple projectIds are not recommended in single project mode. Requested project ID demo-sso, but the emulator is configured for emuclient. To opt-out of single project mode add/set the '\"singleProjectMode\": false' property in the firebase.json emulators config.\r\n"}}
[debug] [2026-10-09T16:22:56.858Z] Multiple projectIds are not recommended in single project mode. Requested project ID demo-sso, but the emulator is configured for emuclient. To opt-out of single project mode add/set the '"singleProjectMode": false' property in the firebase.json emulators config.
 {"metadata":{"emulator":{"name":"firestore"},"message":"Multiple projectIds are not recommended in single project mode. Requested project ID demo-sso, but the emulator is configured for emuclient. To opt-out of single project mode add/set the '\"singleProjectMode\": false' property in the firebase.json emulators config.\r\n"}}
[debug] [2026-10-09T16:23:44.993Z] Multiple projectIds are not recommended in single project mode. Requested project ID demo-sso, but the emulator is configured for emuclient. To opt-out of single project mode add/set the '"singleProjectMode": false' property in the firebase.json emulators config.
 {"metadata":{"emulator":{"name":"firestore"},"message":"Multiple projectIds are not recommended in single project mode. Requested project ID demo-sso, but the emulator is configured for emuclient. To opt-out of single project mode add/set the '\"singleProjectMode\": false' property in the firebase.json emulators config.\r\n"}}
[debug] [2026-10-09T16:23:44.994Z] Multiple projectIds are not recommended in single project mode. Requested project ID demo-sso, but the emulator is configured for emuclient. To opt-out of single project mode add/set the '"singleProjectMode": false' property in the firebase.json emulators config.
 {"metadata":{"emulator":{"name":"firestore"},"message":"Multiple projectIds are not recommended in single project mode. Requested project ID demo-sso, but the emulator is configured for emuclient. To opt-out of single project mode add/set the '\"singleProjectMode\": false' property in the firebase.json emulators config.\r\n"}}
[debug] [2026-10-09T16:23:45.056Z] Multiple projectIds are not recommended in single project mode. Requested project ID demo-sso, but the emulator is configured for emuclient. To opt-out of single project mode add/set the '"singleProjectMode": false' property in the firebase.json emulators config.
 {"metadata":{"emulator":{"name":"firestore"},"message":"Multiple projectIds are not recommended in single project mode. Requested project ID demo-sso, but the emulator is configured for emuclient. To opt-out of single project mode add/set the '\"singleProjectMode\": false' property in the firebase.json emulators config.\r\n"}}
[debug] [2026-10-09T16:23:45.057Z] Multiple projectIds are not recommended in single project mode. Requested project ID demo-sso, but the emulator is configured for emuclient. To opt-out of single project mode add/set the '"singleProjectMode": false' property in the firebase.json emulators config.
 {"metadata":{"emulator":{"name":"firestore"},"message":"Multiple projectIds are not recommended in single project mode. Requested project ID demo-sso, but the emulator is configured for emuclient. To opt-out of single project mode add/set the '\"singleProjectMode\": false' property in the firebase.json emulators config.\r\n"}}
[debug] [2026-10-09T16:24:10.259Z] Multiple projectIds are not recommended in single project mode. Requested project ID demo-sso, but the emulator is configured for emuclient. To opt-out of single project mode add/set the '"singleProjectMode": false' property in the firebase.json emulators config.
 {"metadata":{"emulator":{"name":"firestore"},"message":"Multiple projectIds are not recommended in single project mode. Requested project ID demo-sso, but the emulator is configured for emuclient. To opt-out of single project mode add/set the '\"singleProjectMode\": false' property in the firebase.json emulators config.\r\n"}}
[debug] [2026-10-09T16:24:10.260Z] Multiple projectIds are not recommended in single project mode. Requested project ID demo-sso, but the emulator is configured for emuclient. To opt-out of single project mode add/set the '"singleProjectMode": false' property in the firebase.json emulators config.
 {"metadata":{"emulator":{"name":"firestore"},"message":"Multiple projectIds are not recommended in single project mode. Requested project ID demo-sso, but the emulator is configured for emuclient. To opt-out of single project mode add/set the '\"singleProjectMode\": false' property in the firebase.json emulators config.\r\n"}}
[debug] [2026-10-09T16:24:10.587Z] Multiple projectIds are not recommended in single project mode. Requested project ID demo-sso, but the emulator is configured for emuclient. To opt-out of single project mode add/set the '"singleProjectMode": false' property in the firebase.json emulators config.
 {"metadata":{"emulator":{"name":"firestore"},"message":"Multiple projectIds are not recommended in single project mode. Requested project ID demo-sso, but the emulator is configured for emuclient. To opt-out of single project mode add/set the '\"singleProjectMode\": false' property in the firebase.json emulators config.\r\n"}}
[debug] [2026-10-09T16:24:10.588Z] Multiple projectIds are not recommended in single project mode. Requested project ID demo-sso, but the emulator is configured for emuclient. To opt-out of single project mode add/set the '"singleProjectMode": false' property in the firebase.json emulators config.
 {"metadata":{"emulator":{"name":"firestore"},"message":"Multiple projectIds are not recommended in single project mode. Requested project ID demo-sso, but the emulator is configured for emuclient. To opt-out of single project mode add/set the '\"singleProjectMode\": false' property in the firebase.json emulators config.\r\n"}}
[debug] [2026-10-09T16:24:10.870Z] Multiple projectIds are not recommended in single project mode. Requested project ID demo-sso, but the emulator is configured for emuclient. To opt-out of single project mode add/set the '"singleProjectMode": false' property in the firebase.json emulators config.
 {"metadata":{"emulator":{"name":"firestore"},"message":"Multiple projectIds are not recommended in single project mode. Requested project ID demo-sso, but the emulator is configured for emuclient. To opt-out of single project mode add/set the '\"singleProjectMode\": false' property in the firebase.json emulators config.\r\n"}}
[debug] [2026-10-09T16:24:10.871Z] Multiple projectIds are not recommended in single project mode. Requested project ID demo-sso, but the emulator is configured for emuclient. To opt-out of single project mode add/set the '"singleProjectMode": false' property in the firebase.json emulators config.
 {"metadata":{"emulator":{"name":"firestore"},"message":"Multiple projectIds are not recommended in single project mode. Requested project ID demo-sso, but the emulator is configured for emuclient. To opt-out of single project mode add/set the '\"singleProjectMode\": false' property in the firebase.json emulators config.\r\n"}}
[debug] [2026-10-09T16:24:10.960Z] Multiple projectIds are not recommended in single project mode. Requested project ID demo-sso, but the emulator is configured for emuclient. To opt-out of single project mode add/set the '"singleProjectMode": false' property in the firebase.json emulators config.
 {"metadata":{"emulator":{"name":"firestore"},"message":"Multiple projectIds are not recommended in single project mode. Requested project ID demo-sso, but the emulator is configured for emuclient. To opt-out of single project mode add/set the '\"singleProjectMode\": false' property in the firebase.json emulators config.\r\n"}}
[debug] [2026-10-09T16:24:10.961Z] Multiple projectIds are not recommended in single project mode. Requested project ID demo-sso, but the emulator is configured for emuclient. To opt-out of single project mode add/set the '"singleProjectMode": false' property in the firebase.json emulators config.
 {"metadata":{"emulator":{"name":"firestore"},"message":"Multiple projectIds are not recommended in single project mode. Requested project ID demo-sso, but the emulator is configured for emuclient. To opt-out of single project mode add/set the '\"singleProjectMode\": false' property in the firebase.json emulators config.\r\n"}}
